source_dataset,target_dataset,seed,is_ood,quantile_set,layer,delta_vs_last,delta_ci_lo,delta_ci_hi,delta_above_zero,is_best_layer,is_last_layer,n_test_series,n_test_windows,bootstrap_replicates
m4_hourly,m4_hourly,0,False,q9,0,-0.42202369699111353,-0.5922166932871918,-0.2677069386441067,False,False,False,124,650,5000
m4_hourly,m4_hourly,0,False,q9,1,0.1544049273087429,0.06395864537088433,0.24213330104822128,True,True,False,124,650,5000
m4_hourly,m4_hourly,0,False,q9,2,0.046777795186409676,-0.019503336310024887,0.11510250784420424,False,False,False,124,650,5000
m4_hourly,m4_hourly,0,False,q9,3,0.041829322943320646,-0.027446766040802616,0.10971941541922306,False,False,False,124,650,5000
m4_hourly,m4_hourly,0,False,q9,4,-0.09682729831108672,-0.14812507426601682,-0.04341694199491415,False,False,False,124,650,5000
m4_hourly,m4_hourly,0,False,q9,5,-0.08406159171691296,-0.13294243610098994,-0.03176924021518984,False,False,False,124,650,5000
m4_hourly,m4_hourly,0,False,q9,6,-0.18943631538977979,-0.23726322879538037,-0.13739772300785336,False,False,False,124,650,5000
m4_hourly,m4_hourly,0,False,q9,7,-0.13528676610726587,-0.18069009666963765,-0.08965169608366903,False,False,False,124,650,5000
m4_hourly,m4_hourly,0,False,q9,8,-0.07443686705369235,-0.12484740516935451,-0.01847279366357403,False,False,False,124,650,5000
m4_hourly,m4_hourly,0,False,q9,9,-0.0682366876418774,-0.11903630978586377,-0.021209687106476856,False,False,False,124,650,5000
m4_hourly,m4_hourly,0,False,q9,10,-0.06463903592183051,-0.11545272047182525,-0.01818297071122418,False,False,False,124,650,5000
m4_hourly,m4_hourly,0,False,q9,11,-0.002110578005130481,-0.06264386336553089,0.05231847503175671,False,False,False,124,650,5000
m4_hourly,m4_hourly,0,False,q9,12,0.0,0.0,0.0,False,False,True,124,650,5000
m4_hourly,monash_electricity_hourly,0,True,q9,0,-2.2755581696216876,-2.52294553199775,-2.0423178361698664,False,False,False,286,650,5000
m4_hourly,monash_electricity_hourly,0,True,q9,1,-0.24170919528374313,-0.39810040693221194,-0.10372968188453059,False,False,False,286,650,5000
m4_hourly,monash_electricity_hourly,0,True,q9,2,-0.3494304293852588,-0.5094225637235656,-0.1992526182374956,False,False,False,286,650,5000
m4_hourly,monash_electricity_hourly,0,True,q9,3,0.008334050728724396,-0.13494962259102583,0.14200632687697734,False,True,False,286,650,5000
m4_hourly,monash_electricity_hourly,0,True,q9,4,-0.22093120043094316,-0.3481910076925976,-0.09883916539027264,False,False,False,286,650,5000
m4_hourly,monash_electricity_hourly,0,True,q9,5,-0.12978845706352793,-0.24806677568863567,-0.011802966242748677,False,False,False,286,650,5000
m4_hourly,monash_electricity_hourly,0,True,q9,6,-0.17214898512913646,-0.2816945257347472,-0.06729072153941237,False,False,False,286,650,5000
m4_hourly,monash_electricity_hourly,0,True,q9,7,-0.12391961482854974,-0.23790852556001985,-0.011390956201266986,False,False,False,286,650,5000
m4_hourly,monash_electricity_hourly,0,True,q9,8,-0.24587555426817698,-0.35639978958734303,-0.1362830192243367,False,False,False,286,650,5000
m4_hourly,monash_electricity_hourly,0,True,q9,9,-0.21651901703614485,-0.32662535924636427,-0.11327816504139084,False,False,False,286,650,5000
m4_hourly,monash_electricity_hourly,0,True,q9,10,-0.08433569009487485,-0.1945895458528079,0.020606637457098367,False,False,False,286,650,5000
m4_hourly,monash_electricity_hourly,0,True,q9,11,-0.1380387880251961,-0.23689643326362564,-0.04056629297183514,False,False,False,286,650,5000
m4_hourly,monash_electricity_hourly,0,True,q9,12,0.0,0.0,0.0,False,False,True,286,650,5000
m4_hourly,uber_tlc_hourly,0,True,q9,0,-2.349173369407654,-2.8642820173723798,-1.8404835497716658,False,False,False,245,650,5000
m4_hourly,uber_tlc_hourly,0,True,q9,1,-0.3683833621098449,-0.5774312131984717,-0.1544240696382197,False,False,False,245,650,5000
m4_hourly,uber_tlc_hourly,0,True,q9,2,-1.0784562884844267,-1.2972887159823305,-0.86923229980528,False,False,False,245,650,5000
m4_hourly,uber_tlc_hourly,0,True,q9,3,-0.6673768579042871,-0.9295675487219839,-0.4254837286360009,False,False,False,245,650,5000
m4_hourly,uber_tlc_hourly,0,True,q9,4,-0.44923954266768273,-0.657233314444132,-0.2518470723156906,False,False,False,245,650,5000
m4_hourly,uber_tlc_hourly,0,True,q9,5,0.15860739707946792,-0.026995531966975655,0.34309056612578226,False,False,False,245,650,5000
m4_hourly,uber_tlc_hourly,0,True,q9,6,0.26018381889049813,0.08414675642353205,0.44733534120314,True,True,False,245,650,5000
m4_hourly,uber_tlc_hourly,0,True,q9,7,-0.11401706768916231,-0.30013181781562465,0.07326259610688135,False,False,False,245,650,5000
m4_hourly,uber_tlc_hourly,0,True,q9,8,-0.7196929260400626,-0.953381552919905,-0.49954448178702715,False,False,False,245,650,5000
m4_hourly,uber_tlc_hourly,0,True,q9,9,-0.32375531856830264,-0.5275099339858085,-0.11242863486066987,False,False,False,245,650,5000
m4_hourly,uber_tlc_hourly,0,True,q9,10,-0.6906331352087172,-0.9103426247328333,-0.46626325783492173,False,False,False,245,650,5000
m4_hourly,uber_tlc_hourly,0,True,q9,11,-1.2163990072103639,-1.4767678815675893,-0.9505662596100106,False,False,False,245,650,5000
m4_hourly,uber_tlc_hourly,0,True,q9,12,0.0,0.0,0.0,False,False,True,245,650,5000
m4_hourly,wind_farms_hourly,0,True,q9,0,-1.3097967954782348,-1.9840968690953735,-0.6400593825733278,False,False,False,261,650,5000
m4_hourly,wind_farms_hourly,0,True,q9,1,-0.6060703798440787,-0.9585947513695432,-0.2643515953122124,False,False,False,261,650,5000
m4_hourly,wind_farms_hourly,0,True,q9,2,-1.6155585938233603,-2.0560893055812697,-1.195183730467861,False,False,False,261,650,5000
m4_hourly,wind_farms_hourly,0,True,q9,3,-0.12469922615931672,-0.4718000236633265,0.20717053534232854,False,False,False,261,650,5000
m4_hourly,wind_farms_hourly,0,True,q9,4,-1.8538051553872918,-2.3456674687476236,-1.3769559978487347,False,False,False,261,650,5000
m4_hourly,wind_farms_hourly,0,True,q9,5,-0.4844407921571001,-0.7722361290541503,-0.19132814038080487,False,False,False,261,650,5000
m4_hourly,wind_farms_hourly,0,True,q9,6,-0.3660548675977271,-0.6581541936424488,-0.06323740436086055,False,False,False,261,650,5000
m4_hourly,wind_farms_hourly,0,True,q9,7,-0.4975148498094999,-0.8101456206691036,-0.18080717192705273,False,False,False,261,650,5000
m4_hourly,wind_farms_hourly,0,True,q9,8,-0.7691792348714976,-1.1164256162070643,-0.4159181000945188,False,False,False,261,650,5000
m4_hourly,wind_farms_hourly,0,True,q9,9,-0.11835208159226696,-0.4034520192675123,0.16410055967715068,False,False,False,261,650,5000
m4_hourly,wind_farms_hourly,0,True,q9,10,0.11435796297513434,-0.09538356085663166,0.3326798676549769,False,True,False,261,650,5000
m4_hourly,wind_farms_hourly,0,True,q9,11,-0.15913320321303104,-0.37735271147003246,0.06349704447937683,False,False,False,261,650,5000
m4_hourly,wind_farms_hourly,0,True,q9,12,0.0,0.0,0.0,False,False,True,261,650,5000
monash_electricity_hourly,m4_hourly,0,True,q9,0,-0.5515530872344971,-0.6993770067907006,-0.4122486993155634,False,False,False,124,650,5000
monash_electricity_hourly,m4_hourly,0,True,q9,1,0.41579274929486765,0.29695414612765003,0.5442787821848402,True,False,False,124,650,5000
monash_electricity_hourly,m4_hourly,0,True,q9,2,0.4290027400163501,0.3294396359552964,0.5348895210783445,True,False,False,124,650,5000
monash_electricity_hourly,m4_hourly,0,True,q9,3,0.8037873669771045,0.6876776361177066,0.9164491308090137,True,True,False,124,650,5000
monash_electricity_hourly,m4_hourly,0,True,q9,4,-0.18467187331273038,-0.28055986442750724,-0.08345362811388367,False,False,False,124,650,5000
monash_electricity_hourly,m4_hourly,0,True,q9,5,-0.17274640431770916,-0.2654974715036874,-0.07607474648435465,False,False,False,124,650,5000
monash_electricity_hourly,m4_hourly,0,True,q9,6,-0.3993369621496936,-0.5224637845801678,-0.2792622180315965,False,False,False,124,650,5000
monash_electricity_hourly,m4_hourly,0,True,q9,7,-0.4676075988549453,-0.5866792035797375,-0.3549785864592253,False,False,False,124,650,5000
monash_electricity_hourly,m4_hourly,0,True,q9,8,-0.8657671088438765,-1.01512279682475,-0.721184743882603,False,False,False,124,650,5000
monash_electricity_hourly,m4_hourly,0,True,q9,9,-1.3365677842727073,-1.4982154543141055,-1.1701284258988485,False,False,False,124,650,5000
monash_electricity_hourly,m4_hourly,0,True,q9,10,-1.2236805869982796,-1.3829061520884582,-1.0528773595530614,False,False,False,124,650,5000
monash_electricity_hourly,m4_hourly,0,True,q9,11,-0.8718201365837683,-0.991518415550858,-0.7481592049416099,False,False,False,124,650,5000
monash_electricity_hourly,m4_hourly,0,True,q9,12,0.0,0.0,0.0,False,False,True,124,650,5000
monash_electricity_hourly,monash_electricity_hourly,0,False,q9,0,-1.1895849156379699,-1.293506394455355,-1.0905721782261868,False,False,False,286,650,5000
monash_electricity_hourly,monash_electricity_hourly,0,False,q9,1,0.018269799947738807,-0.06290960214322965,0.09203589906233366,False,False,False,286,650,5000
monash_electricity_hourly,monash_electricity_hourly,0,False,q9,2,0.07174449682235728,-0.015769727863153716,0.15228543917160528,False,False,False,286,650,5000
monash_electricity_hourly,monash_electricity_hourly,0,False,q9,3,0.14039674502152666,0.025322318532107493,0.23089144813713355,True,True,False,286,650,5000
monash_electricity_hourly,monash_electricity_hourly,0,False,q9,4,0.04209512031995333,-0.026939092981363454,0.10539709093991959,False,False,False,286,650,5000
monash_electricity_hourly,monash_electricity_hourly,0,False,q9,5,0.041990899306077356,-0.013777197372722571,0.09696032856669469,False,False,False,286,650,5000
monash_electricity_hourly,monash_electricity_hourly,0,False,q9,6,-0.04497716133411078,-0.1094452129242857,0.0154286136469755,False,False,False,286,650,5000
monash_electricity_hourly,monash_electricity_hourly,0,False,q9,7,-0.16443365720602143,-0.22805614603311863,-0.10316342981876293,False,False,False,286,650,5000
monash_electricity_hourly,monash_electricity_hourly,0,False,q9,8,-0.2420914681141193,-0.3042414676152613,-0.18127521116088727,False,False,False,286,650,5000
monash_electricity_hourly,monash_electricity_hourly,0,False,q9,9,-0.24028257736792913,-0.2963561327105328,-0.1862617832327207,False,False,False,286,650,5000
monash_electricity_hourly,monash_electricity_hourly,0,False,q9,10,-0.18150301117163403,-0.2320365922213312,-0.13209764352000813,False,False,False,286,650,5000
monash_electricity_hourly,monash_electricity_hourly,0,False,q9,11,-0.17100029523556026,-0.21385999998400806,-0.1289922015524242,False,False,False,286,650,5000
monash_electricity_hourly,monash_electricity_hourly,0,False,q9,12,0.0,0.0,0.0,False,False,True,286,650,5000
monash_electricity_hourly,uber_tlc_hourly,0,True,q9,0,0.623817174251263,0.4079547097786236,0.8382161369129186,True,False,False,245,650,5000
monash_electricity_hourly,uber_tlc_hourly,0,True,q9,1,1.423278372654548,1.286564645996057,1.5533340016352133,True,True,False,245,650,5000
monash_electricity_hourly,uber_tlc_hourly,0,True,q9,2,1.0180470136495732,0.8059423378923265,1.2029281838672705,True,False,False,245,650,5000
monash_electricity_hourly,uber_tlc_hourly,0,True,q9,3,0.5992974373010487,0.40106888101072136,0.7845989111123457,True,False,False,245,650,5000
monash_electricity_hourly,uber_tlc_hourly,0,True,q9,4,0.6203295029126679,0.4284130485121426,0.7951849123909599,True,False,False,245,650,5000
monash_electricity_hourly,uber_tlc_hourly,0,True,q9,5,0.6164669124896704,0.44688552875691584,0.7805862488256541,True,False,False,245,650,5000
monash_electricity_hourly,uber_tlc_hourly,0,True,q9,6,0.6005915882037236,0.403815849216456,0.7881855111488891,True,False,False,245,650,5000
monash_electricity_hourly,uber_tlc_hourly,0,True,q9,7,0.5826574395253106,0.40909298340750816,0.7570172922913363,True,False,False,245,650,5000
monash_electricity_hourly,uber_tlc_hourly,0,True,q9,8,-0.27634909373063365,-0.47868482199699514,-0.08118108487975893,False,False,False,245,650,5000
monash_electricity_hourly,uber_tlc_hourly,0,True,q9,9,-0.41336330633897056,-0.5952344301637081,-0.23396079507900067,False,False,False,245,650,5000
monash_electricity_hourly,uber_tlc_hourly,0,True,q9,10,-0.4488670499508203,-0.6041939196160048,-0.2952328050212878,False,False,False,245,650,5000
monash_electricity_hourly,uber_tlc_hourly,0,True,q9,11,-1.2288608444654026,-1.4416886105497333,-1.0210864555584962,False,False,False,245,650,5000
monash_electricity_hourly,uber_tlc_hourly,0,True,q9,12,0.0,0.0,0.0,False,False,True,245,650,5000
monash_electricity_hourly,wind_farms_hourly,0,True,q9,0,1.053295937684866,0.7804788796529166,1.323561299893017,True,True,False,261,650,5000
monash_electricity_hourly,wind_farms_hourly,0,True,q9,1,0.743262161474961,0.44056272373099536,1.033611531302833,True,False,False,261,650,5000
monash_electricity_hourly,wind_farms_hourly,0,True,q9,2,-0.1632211274367119,-0.5911677770746192,0.24984629420888943,False,False,False,261,650,5000
monash_electricity_hourly,wind_farms_hourly,0,True,q9,3,0.04001669626969484,-0.30505290442344335,0.37964164103307746,False,False,False,261,650,5000
monash_electricity_hourly,wind_farms_hourly,0,True,q9,4,-0.5413018644773047,-0.8276406390178556,-0.250080980476077,False,False,False,261,650,5000
monash_electricity_hourly,wind_farms_hourly,0,True,q9,5,-0.3945441007614141,-0.6672716558953908,-0.1209132447887683,False,False,False,261,650,5000
monash_electricity_hourly,wind_farms_hourly,0,True,q9,6,-0.7471766471862793,-1.0212534973220437,-0.4790667713518417,False,False,False,261,650,5000
monash_electricity_hourly,wind_farms_hourly,0,True,q9,7,-0.4946334706819977,-0.7209711254463267,-0.2678769163972499,False,False,False,261,650,5000
monash_electricity_hourly,wind_farms_hourly,0,True,q9,8,-0.6519211083192094,-0.8872183432060203,-0.42279370270658184,False,False,False,261,650,5000
monash_electricity_hourly,wind_farms_hourly,0,True,q9,9,-0.6347030203159045,-0.8480611738539634,-0.4236341304182858,False,False,False,261,650,5000
monash_electricity_hourly,wind_farms_hourly,0,True,q9,10,-0.796487300946163,-0.9866338926412487,-0.6016611277631462,False,False,False,261,650,5000
monash_electricity_hourly,wind_farms_hourly,0,True,q9,11,-0.4314569267859829,-0.6009272912378518,-0.26306887711536414,False,False,False,261,650,5000
monash_electricity_hourly,wind_farms_hourly,0,True,q9,12,0.0,0.0,0.0,False,False,True,261,650,5000
uber_tlc_hourly,m4_hourly,0,True,q9,0,0.9810829136921813,0.6819400349717675,1.2656250597370178,True,True,False,124,650,5000
uber_tlc_hourly,m4_hourly,0,True,q9,1,0.46729610919952425,0.2519462000324218,0.6623300229748562,True,False,False,124,650,5000
uber_tlc_hourly,m4_hourly,0,True,q9,2,0.4575333052415118,0.2549636877794045,0.6309371465675282,True,False,False,124,650,5000
uber_tlc_hourly,m4_hourly,0,True,q9,3,0.9579227095383871,0.7616007886315791,1.1454500809980646,True,False,False,124,650,5000
uber_tlc_hourly,m4_hourly,0,True,q9,4,-0.08913961593921282,-0.21576433959455615,0.03244024099000283,False,False,False,124,650,5000
uber_tlc_hourly,m4_hourly,0,True,q9,5,0.30014243345994274,0.13037701744697044,0.4517390622437536,True,False,False,124,650,5000
uber_tlc_hourly,m4_hourly,0,True,q9,6,-0.1389524331459624,-0.28991139640855895,-0.002143681859275224,False,False,False,124,650,5000
uber_tlc_hourly,m4_hourly,0,True,q9,7,-0.49829483949221043,-0.6570669223202544,-0.35809571025723336,False,False,False,124,650,5000
uber_tlc_hourly,m4_hourly,0,True,q9,8,-0.7663389591070322,-0.9676906287017409,-0.5840830161019832,False,False,False,124,650,5000
uber_tlc_hourly,m4_hourly,0,True,q9,9,-0.8232636935894302,-1.0219180062718016,-0.64604661995796,False,False,False,124,650,5000
uber_tlc_hourly,m4_hourly,0,True,q9,10,-1.3074458122253416,-1.5239835907654993,-1.0948063555409648,False,False,False,124,650,5000
uber_tlc_hourly,m4_hourly,0,True,q9,11,-1.048014637873723,-1.229339594837068,-0.8726864174441236,False,False,False,124,650,5000
uber_tlc_hourly,m4_hourly,0,True,q9,12,0.0,0.0,0.0,False,False,True,124,650,5000
uber_tlc_hourly,monash_electricity_hourly,0,True,q9,0,-0.35082140042231647,-0.5282367624337487,-0.17561598589151522,False,False,False,286,650,5000
uber_tlc_hourly,monash_electricity_hourly,0,True,q9,1,-0.16487364402184124,-0.3387942775343834,-0.007146044550023964,False,False,False,286,650,5000
uber_tlc_hourly,monash_electricity_hourly,0,True,q9,2,0.11436566793001646,-0.03154824148568092,0.2469088746123431,False,False,False,286,650,5000
uber_tlc_hourly,monash_electricity_hourly,0,True,q9,3,0.1400397095313437,0.02232457955611607,0.25550582878532285,True,True,False,286,650,5000
uber_tlc_hourly,monash_electricity_hourly,0,True,q9,4,-0.1933923842356755,-0.3325336353839118,-0.05861447040426533,False,False,False,286,650,5000
uber_tlc_hourly,monash_electricity_hourly,0,True,q9,5,-0.2547442905719466,-0.38257186748132477,-0.1306602306637085,False,False,False,286,650,5000
uber_tlc_hourly,monash_electricity_hourly,0,True,q9,6,-0.24916943219991783,-0.3764568498176363,-0.12268164434235736,False,False,False,286,650,5000
uber_tlc_hourly,monash_electricity_hourly,0,True,q9,7,-0.058933034676772245,-0.17164434830651087,0.05546811360382153,False,False,False,286,650,5000
uber_tlc_hourly,monash_electricity_hourly,0,True,q9,8,-0.5422970217924847,-0.6699745369537824,-0.41588669267627143,False,False,False,286,650,5000
uber_tlc_hourly,monash_electricity_hourly,0,True,q9,9,-0.9502539609028746,-1.1106811323756265,-0.8019756985204164,False,False,False,286,650,5000
uber_tlc_hourly,monash_electricity_hourly,0,True,q9,10,-0.8842284822463986,-1.0418243553325726,-0.7319697229024424,False,False,False,286,650,5000
uber_tlc_hourly,monash_electricity_hourly,0,True,q9,11,-1.2486036333670985,-1.4049300240073814,-1.1005647240075191,False,False,False,286,650,5000
uber_tlc_hourly,monash_electricity_hourly,0,True,q9,12,0.0,0.0,0.0,False,False,True,286,650,5000
uber_tlc_hourly,uber_tlc_hourly,0,False,q9,0,-0.1942893794866709,-0.28106840126297344,-0.11310335136863646,False,False,False,245,650,5000
uber_tlc_hourly,uber_tlc_hourly,0,False,q9,1,0.18225052356719917,0.1260005092228271,0.23858797651394958,True,False,False,245,650,5000
uber_tlc_hourly,uber_tlc_hourly,0,False,q9,2,0.23462471044980493,0.181756668184963,0.2889254800586213,True,False,False,245,650,5000
uber_tlc_hourly,uber_tlc_hourly,0,False,q9,3,0.3320632035915665,0.2720847979342042,0.3918464782821654,True,True,False,245,650,5000
uber_tlc_hourly,uber_tlc_hourly,0,False,q9,4,0.285518287145174,0.2291776285551313,0.34207663914731967,True,False,False,245,650,5000
uber_tlc_hourly,uber_tlc_hourly,0,False,q9,5,0.2993608383031985,0.2364207039645907,0.3644216232402107,True,False,False,245,650,5000
uber_tlc_hourly,uber_tlc_hourly,0,False,q9,6,0.2625845810083236,0.20421315176106533,0.3213030857439841,True,False,False,245,650,5000
uber_tlc_hourly,uber_tlc_hourly,0,False,q9,7,0.19900743557856604,0.14686632416397055,0.2546390839425152,True,False,False,245,650,5000
uber_tlc_hourly,uber_tlc_hourly,0,False,q9,8,0.20299219443247818,0.1499984406746853,0.25848345522800226,True,False,False,245,650,5000
uber_tlc_hourly,uber_tlc_hourly,0,False,q9,9,0.170873693319467,0.12164320886182407,0.22560637832445637,True,False,False,245,650,5000
uber_tlc_hourly,uber_tlc_hourly,0,False,q9,10,0.23800462282620938,0.1839940858492148,0.2966041158768035,True,False,False,245,650,5000
uber_tlc_hourly,uber_tlc_hourly,0,False,q9,11,0.15078415320469762,0.1040365651591438,0.2017526485655448,True,False,False,245,650,5000
uber_tlc_hourly,uber_tlc_hourly,0,False,q9,12,0.0,0.0,0.0,False,False,True,245,650,5000
uber_tlc_hourly,wind_farms_hourly,0,True,q9,0,1.7421080083113445,1.4955612608893674,1.992017427842325,True,True,False,261,650,5000
uber_tlc_hourly,wind_farms_hourly,0,True,q9,1,0.7717285570731525,0.5105565972163576,1.0245320540783598,True,False,False,261,650,5000
uber_tlc_hourly,wind_farms_hourly,0,True,q9,2,0.7419256280018729,0.5023299625606092,0.9898767511594422,True,False,False,261,650,5000
uber_tlc_hourly,wind_farms_hourly,0,True,q9,3,0.8461597336255577,0.5976314263665992,1.1157453488738265,True,False,False,261,650,5000
uber_tlc_hourly,wind_farms_hourly,0,True,q9,4,-0.4829282001348645,-0.8076748212942826,-0.13480024811246125,False,False,False,261,650,5000
uber_tlc_hourly,wind_farms_hourly,0,True,q9,5,-0.595070349986738,-0.9321529856874057,-0.25114469466871847,False,False,False,261,650,5000
uber_tlc_hourly,wind_farms_hourly,0,True,q9,6,-1.3790719278042136,-1.8187249594775323,-0.96560301236851,False,False,False,261,650,5000
uber_tlc_hourly,wind_farms_hourly,0,True,q9,7,-0.5393779453864465,-0.9369740868567895,-0.14003156607555858,False,False,False,261,650,5000
uber_tlc_hourly,wind_farms_hourly,0,True,q9,8,-2.358334180024954,-2.7819809738806476,-1.9401505508115546,False,False,False,261,650,5000
uber_tlc_hourly,wind_farms_hourly,0,True,q9,9,-2.703221464157105,-3.084508272747955,-2.310802331588761,False,False,False,261,650,5000
uber_tlc_hourly,wind_farms_hourly,0,True,q9,10,-1.7309327782117414,-2.0524838283524582,-1.3987744207662531,False,False,False,261,650,5000
uber_tlc_hourly,wind_farms_hourly,0,True,q9,11,-1.0525800378505998,-1.329319691101653,-0.7675850512327997,False,False,False,261,650,5000
uber_tlc_hourly,wind_farms_hourly,0,True,q9,12,0.0,0.0,0.0,False,False,True,261,650,5000
wind_farms_hourly,m4_hourly,0,True,q9,0,-0.5783320927619933,-0.6858228297992762,-0.469376865900451,False,False,False,124,650,5000
wind_farms_hourly,m4_hourly,0,True,q9,1,-0.22403122773537287,-0.3342121816532946,-0.10509907220076921,False,False,False,124,650,5000
wind_farms_hourly,m4_hourly,0,True,q9,2,0.49660719247964735,0.39191346393063653,0.5959914070777433,True,False,False,124,650,5000
wind_farms_hourly,m4_hourly,0,True,q9,3,0.8621708162014303,0.7622517262456875,0.9597764711595551,True,True,False,124,650,5000
wind_farms_hourly,m4_hourly,0,True,q9,4,0.4419876432418821,0.34741131093716565,0.5306061473074786,True,False,False,124,650,5000
wind_farms_hourly,m4_hourly,0,True,q9,5,0.7020042004952067,0.571894047448723,0.8281143563414962,True,False,False,124,650,5000
wind_farms_hourly,m4_hourly,0,True,q9,6,-0.4789431590300337,-0.5943958171087428,-0.35412538139648136,False,False,False,124,650,5000
wind_farms_hourly,m4_hourly,0,True,q9,7,-0.8765638168041523,-1.062255602424629,-0.6942158874528789,False,False,False,124,650,5000
wind_farms_hourly,m4_hourly,0,True,q9,8,-1.1766881880393392,-1.345323278779826,-1.0163086085219215,False,False,False,124,650,5000
wind_farms_hourly,m4_hourly,0,True,q9,9,-1.7508905098988459,-1.9045764343719929,-1.5867265363018281,False,False,False,124,650,5000
wind_farms_hourly,m4_hourly,0,True,q9,10,-0.4790564038203309,-0.6043880741222074,-0.36322034699903016,False,False,False,124,650,5000
wind_farms_hourly,m4_hourly,0,True,q9,11,-0.8396784056149995,-0.942697043319997,-0.73915807594801,False,False,False,124,650,5000
wind_farms_hourly,m4_hourly,0,True,q9,12,0.0,0.0,0.0,False,False,True,124,650,5000
wind_farms_hourly,monash_electricity_hourly,0,True,q9,0,-0.7416104496442353,-0.8610479836608518,-0.6175723409392618,False,False,False,286,650,5000
wind_farms_hourly,monash_electricity_hourly,0,True,q9,1,0.1451746405087988,0.015562754351851905,0.2838997146127296,True,False,False,286,650,5000
wind_farms_hourly,monash_electricity_hourly,0,True,q9,2,0.28422016015419604,0.1525940223764058,0.424443485361583,True,False,False,286,650,5000
wind_farms_hourly,monash_electricity_hourly,0,True,q9,3,0.7348263973456164,0.5852646395479368,0.8906804833290894,True,True,False,286,650,5000
wind_farms_hourly,monash_electricity_hourly,0,True,q9,4,0.5563133568030141,0.40956008356987805,0.7092189557205733,True,False,False,286,650,5000
wind_farms_hourly,monash_electricity_hourly,0,True,q9,5,0.3021264921701876,0.1810422283262397,0.4304615431993127,True,False,False,286,650,5000
wind_farms_hourly,monash_electricity_hourly,0,True,q9,6,0.35323345092626734,0.21555175580140945,0.4990445044331392,True,False,False,286,650,5000
wind_farms_hourly,monash_electricity_hourly,0,True,q9,7,-0.24607715074832637,-0.40710797837312657,-0.07536876776563813,False,False,False,286,650,5000
wind_farms_hourly,monash_electricity_hourly,0,True,q9,8,-0.32713878943369945,-0.46620422957331875,-0.18640958127483628,False,False,False,286,650,5000
wind_farms_hourly,monash_electricity_hourly,0,True,q9,9,-0.515682787345006,-0.6404688266998501,-0.3918481338104564,False,False,False,286,650,5000
wind_farms_hourly,monash_electricity_hourly,0,True,q9,10,-0.16622764202264584,-0.28123355301391517,-0.05202254533313444,False,False,False,286,650,5000
wind_farms_hourly,monash_electricity_hourly,0,True,q9,11,-0.16565456922237676,-0.2552061889207141,-0.07322531043093254,False,False,False,286,650,5000
wind_farms_hourly,monash_electricity_hourly,0,True,q9,12,0.0,0.0,0.0,False,False,True,286,650,5000
wind_farms_hourly,uber_tlc_hourly,0,True,q9,0,0.6016306059177108,0.5123961804206895,0.6882426144449774,True,True,False,245,650,5000
wind_farms_hourly,uber_tlc_hourly,0,True,q9,1,0.45495020169478195,0.29133450215641965,0.609366977055913,True,False,False,245,650,5000
wind_farms_hourly,uber_tlc_hourly,0,True,q9,2,0.36301473910991966,0.23005381416431248,0.4949465942744059,True,False,False,245,650,5000
wind_farms_hourly,uber_tlc_hourly,0,True,q9,3,0.3803127354841971,0.25425097318105605,0.5033941201384518,True,False,False,245,650,5000
wind_farms_hourly,uber_tlc_hourly,0,True,q9,4,0.1865351845667913,0.0366764296198699,0.32602579240716756,True,False,False,245,650,5000
wind_farms_hourly,uber_tlc_hourly,0,True,q9,5,0.3098093082354625,0.19188086062514126,0.42477759578224045,True,False,False,245,650,5000
wind_farms_hourly,uber_tlc_hourly,0,True,q9,6,-0.1498568188227134,-0.2690999226367148,-0.0260180274549752,False,False,False,245,650,5000
wind_farms_hourly,uber_tlc_hourly,0,True,q9,7,-1.6951962815798245,-1.8275174727117216,-1.5619846281601073,False,False,False,245,650,5000
wind_farms_hourly,uber_tlc_hourly,0,True,q9,8,-1.3141033484385565,-1.4555375625084797,-1.172052106519967,False,False,False,245,650,5000
wind_farms_hourly,uber_tlc_hourly,0,True,q9,9,-1.8178395190605752,-1.9647605866923568,-1.6719769126711421,False,False,False,245,650,5000
wind_farms_hourly,uber_tlc_hourly,0,True,q9,10,-0.6997651789738581,-0.8141636425738581,-0.5848782947866527,False,False,False,245,650,5000
wind_farms_hourly,uber_tlc_hourly,0,True,q9,11,-0.6268747483766992,-0.8008952303964739,-0.4571536302754971,False,False,False,245,650,5000
wind_farms_hourly,uber_tlc_hourly,0,True,q9,12,0.0,0.0,0.0,False,False,True,245,650,5000
wind_farms_hourly,wind_farms_hourly,0,False,q9,0,-0.19894129441334574,-0.3129548533981236,-0.08800292694066868,False,False,False,261,650,5000
wind_farms_hourly,wind_farms_hourly,0,False,q9,1,-0.023356552674219877,-0.12030049639203419,0.06998475207124413,False,False,False,261,650,5000
wind_farms_hourly,wind_farms_hourly,0,False,q9,2,0.10504610465123143,0.022790102491626364,0.1870624481982576,True,False,False,261,650,5000
wind_farms_hourly,wind_farms_hourly,0,False,q9,3,0.18460465467893172,0.09922786687801696,0.26896859366253745,True,True,False,261,650,5000
wind_farms_hourly,wind_farms_hourly,0,False,q9,4,0.1639795497747576,0.07606347511810378,0.2513017005422201,True,False,False,261,650,5000
wind_farms_hourly,wind_farms_hourly,0,False,q9,5,0.10046958629901592,0.009880447159649024,0.18995092979050385,True,False,False,261,650,5000
wind_farms_hourly,wind_farms_hourly,0,False,q9,6,0.045513475674849424,-0.053523127341874144,0.14656006520164638,False,False,False,261,650,5000
wind_farms_hourly,wind_farms_hourly,0,False,q9,7,-0.08281190927212023,-0.19256306995584693,0.026451133832257005,False,False,False,261,650,5000
wind_farms_hourly,wind_farms_hourly,0,False,q9,8,-0.05867965423143762,-0.16079878278395374,0.04373538603436534,False,False,False,261,650,5000
wind_farms_hourly,wind_farms_hourly,0,False,q9,9,-0.1409457659721367,-0.2506480243043548,-0.03522528056393264,False,False,False,261,650,5000
wind_farms_hourly,wind_farms_hourly,0,False,q9,10,-0.10976723139102607,-0.2153661511321645,-0.008039781808823704,False,False,False,261,650,5000
wind_farms_hourly,wind_farms_hourly,0,False,q9,11,-0.09210675037824156,-0.17712990949177726,-0.007253438599058642,False,False,False,261,650,5000
wind_farms_hourly,wind_farms_hourly,0,False,q9,12,0.0,0.0,0.0,False,False,True,261,650,5000
