dataset,representation,layer,quantile_set,num_quantiles,quantiles,seed,mean_pinball_loss,quantile_loss
monash_electricity_hourly,content,0,q1,1,0.5,0,0.17714457213878632,0.35428914427757263
monash_electricity_hourly,content,1,q1,1,0.5,0,0.16959160566329956,0.3391832113265991
monash_electricity_hourly,content,2,q1,1,0.5,0,0.16225160658359528,0.32450318336486816
monash_electricity_hourly,content,3,q1,1,0.5,0,0.16351543366909027,0.3270309269428253
monash_electricity_hourly,content,4,q1,1,0.5,0,0.16585323214530945,0.3317064344882965
monash_electricity_hourly,content,5,q1,1,0.5,0,0.16875867545604706,0.3375173509120941
monash_electricity_hourly,content,6,q1,1,0.5,0,0.17259801924228668,0.34519603848457336
monash_electricity_hourly,content,7,q1,1,0.5,0,0.17621663212776184,0.35243329405784607
monash_electricity_hourly,content,8,q1,1,0.5,0,0.17835615575313568,0.35671231150627136
monash_electricity_hourly,content,9,q1,1,0.5,0,0.1736040860414505,0.347208172082901
monash_electricity_hourly,content,10,q1,1,0.5,0,0.17057950794696808,0.34115901589393616
monash_electricity_hourly,content,11,q1,1,0.5,0,0.17171934247016907,0.34343868494033813
monash_electricity_hourly,reg,0,q1,1,0.5,0,0.1688755750656128,0.3377511501312256
monash_electricity_hourly,reg,1,q1,1,0.5,0,0.16050022840499878,0.32100045680999756
monash_electricity_hourly,reg,2,q1,1,0.5,0,0.15200665593147278,0.30401334166526794
monash_electricity_hourly,reg,3,q1,1,0.5,0,0.1476079225540161,0.2952158451080322
monash_electricity_hourly,reg,4,q1,1,0.5,0,0.14692573249340057,0.29385146498680115
monash_electricity_hourly,reg,5,q1,1,0.5,0,0.14846289157867432,0.29692575335502625
monash_electricity_hourly,reg,6,q1,1,0.5,0,0.15047934651374817,0.30095869302749634
monash_electricity_hourly,reg,7,q1,1,0.5,0,0.15406669676303864,0.30813339352607727
monash_electricity_hourly,reg,8,q1,1,0.5,0,0.1558513641357422,0.3117027282714844
monash_electricity_hourly,reg,9,q1,1,0.5,0,0.15971624851226807,0.31943246722221375
monash_electricity_hourly,reg,10,q1,1,0.5,0,0.16000446677207947,0.32000893354415894
monash_electricity_hourly,reg,11,q1,1,0.5,0,0.16162344813346863,0.32324689626693726
monash_electricity_hourly,content_K,0,q1,1,0.5,0,0.17835044860839844,0.35670092701911926
monash_electricity_hourly,content_K,1,q1,1,0.5,0,0.17017044126987457,0.34034091234207153
monash_electricity_hourly,content_K,2,q1,1,0.5,0,0.16550730168819427,0.33101463317871094
monash_electricity_hourly,content_K,3,q1,1,0.5,0,0.16611529886722565,0.3322305977344513
monash_electricity_hourly,content_K,4,q1,1,0.5,0,0.17071060836315155,0.3414212167263031
monash_electricity_hourly,content_K,5,q1,1,0.5,0,0.1729227900505066,0.3458455502986908
monash_electricity_hourly,content_K,6,q1,1,0.5,0,0.17733781039714813,0.35467562079429626
monash_electricity_hourly,content_K,7,q1,1,0.5,0,0.18239332735538483,0.36478665471076965
monash_electricity_hourly,content_K,8,q1,1,0.5,0,0.1847027987241745,0.369405597448349
monash_electricity_hourly,content_K,9,q1,1,0.5,0,0.18343192338943481,0.36686384677886963
monash_electricity_hourly,content_K,10,q1,1,0.5,0,0.18359610438346863,0.36719226837158203
monash_electricity_hourly,content_K,11,q1,1,0.5,0,0.18092124164104462,0.36184245347976685
monash_electricity_hourly,reg_K,0,q1,1,0.5,0,0.16882206499576569,0.33764412999153137
monash_electricity_hourly,reg_K,1,q1,1,0.5,0,0.16063697636127472,0.32127395272254944
monash_electricity_hourly,reg_K,2,q1,1,0.5,0,0.15234726667404175,0.3046945333480835
monash_electricity_hourly,reg_K,3,q1,1,0.5,0,0.14737267792224884,0.2947453558444977
monash_electricity_hourly,reg_K,4,q1,1,0.5,0,0.14822843670845032,0.29645684361457825
monash_electricity_hourly,reg_K,5,q1,1,0.5,0,0.1482928991317749,0.2965857684612274
monash_electricity_hourly,reg_K,6,q1,1,0.5,0,0.14978362619876862,0.29956722259521484
monash_electricity_hourly,reg_K,7,q1,1,0.5,0,0.1541094183921814,0.3082188665866852
monash_electricity_hourly,reg_K,8,q1,1,0.5,0,0.15534785389900208,0.31069570779800415
monash_electricity_hourly,reg_K,9,q1,1,0.5,0,0.15944111347198486,0.3188822269439697
monash_electricity_hourly,reg_K,10,q1,1,0.5,0,0.16148267686367035,0.3229653537273407
monash_electricity_hourly,reg_K,11,q1,1,0.5,0,0.16466276347637177,0.32932552695274353
monash_electricity_hourly,fslot_K,0,q1,1,0.5,0,0.25854769349098206,0.5170953869819641
monash_electricity_hourly,fslot_K,1,q1,1,0.5,0,0.15152369439601898,0.30304738879203796
monash_electricity_hourly,fslot_K,2,q1,1,0.5,0,0.12876953184604645,0.2575390636920929
monash_electricity_hourly,fslot_K,3,q1,1,0.5,0,0.12472067773342133,0.24944135546684265
monash_electricity_hourly,fslot_K,4,q1,1,0.5,0,0.12065618485212326,0.24131236970424652
monash_electricity_hourly,fslot_K,5,q1,1,0.5,0,0.11900720000267029,0.23801440000534058
monash_electricity_hourly,fslot_K,6,q1,1,0.5,0,0.11856561154127121,0.23713122308254242
monash_electricity_hourly,fslot_K,7,q1,1,0.5,0,0.11919648945331573,0.23839297890663147
monash_electricity_hourly,fslot_K,8,q1,1,0.5,0,0.11655047535896301,0.23310095071792603
monash_electricity_hourly,fslot_K,9,q1,1,0.5,0,0.11487577110528946,0.22975154221057892
monash_electricity_hourly,fslot_K,10,q1,1,0.5,0,0.11662284284830093,0.23324568569660187
monash_electricity_hourly,fslot_K,11,q1,1,0.5,0,0.11931087076663971,0.23862172663211823
monash_kdd_cup_2018,content,0,q1,1,0.5,0,0.35340914130210876,0.7068182826042175
monash_kdd_cup_2018,content,1,q1,1,0.5,0,0.37179410457611084,0.7435882687568665
monash_kdd_cup_2018,content,2,q1,1,0.5,0,0.3813641369342804,0.7627282738685608
monash_kdd_cup_2018,content,3,q1,1,0.5,0,0.38369932770729065,0.7673986554145813
monash_kdd_cup_2018,content,4,q1,1,0.5,0,0.40587571263313293,0.8117513656616211
monash_kdd_cup_2018,content,5,q1,1,0.5,0,0.4152752459049225,0.830550491809845
monash_kdd_cup_2018,content,6,q1,1,0.5,0,0.41525888442993164,0.8305177688598633
monash_kdd_cup_2018,content,7,q1,1,0.5,0,0.39527761936187744,0.7905552387237549
monash_kdd_cup_2018,content,8,q1,1,0.5,0,0.3990027606487274,0.7980055212974548
monash_kdd_cup_2018,content,9,q1,1,0.5,0,0.41500669717788696,0.8300133943557739
monash_kdd_cup_2018,content,10,q1,1,0.5,0,0.4150264859199524,0.8300529718399048
monash_kdd_cup_2018,content,11,q1,1,0.5,0,0.3832724094390869,0.7665448188781738
monash_kdd_cup_2018,reg,0,q1,1,0.5,0,0.33295005559921265,0.6659001111984253
monash_kdd_cup_2018,reg,1,q1,1,0.5,0,0.3378788232803345,0.675757646560669
monash_kdd_cup_2018,reg,2,q1,1,0.5,0,0.342776358127594,0.685552716255188
monash_kdd_cup_2018,reg,3,q1,1,0.5,0,0.34683704376220703,0.6936739683151245
monash_kdd_cup_2018,reg,4,q1,1,0.5,0,0.3532448709011078,0.7064896821975708
monash_kdd_cup_2018,reg,5,q1,1,0.5,0,0.3609388768672943,0.7218778133392334
monash_kdd_cup_2018,reg,6,q1,1,0.5,0,0.36417287588119507,0.7283456921577454
monash_kdd_cup_2018,reg,7,q1,1,0.5,0,0.37012362480163574,0.7402473092079163
monash_kdd_cup_2018,reg,8,q1,1,0.5,0,0.37722086906433105,0.7544417381286621
monash_kdd_cup_2018,reg,9,q1,1,0.5,0,0.36915528774261475,0.7383105754852295
monash_kdd_cup_2018,reg,10,q1,1,0.5,0,0.3674142360687256,0.7348284721374512
monash_kdd_cup_2018,reg,11,q1,1,0.5,0,0.38229480385780334,0.7645896673202515
monash_kdd_cup_2018,content_K,0,q1,1,0.5,0,0.3537055253982544,0.7074111104011536
monash_kdd_cup_2018,content_K,1,q1,1,0.5,0,0.3733755946159363,0.7467511296272278
monash_kdd_cup_2018,content_K,2,q1,1,0.5,0,0.3859885632991791,0.7719771265983582
monash_kdd_cup_2018,content_K,3,q1,1,0.5,0,0.38846927881240845,0.7769384980201721
monash_kdd_cup_2018,content_K,4,q1,1,0.5,0,0.40889155864715576,0.8177831172943115
monash_kdd_cup_2018,content_K,5,q1,1,0.5,0,0.42180973291397095,0.8436195254325867
monash_kdd_cup_2018,content_K,6,q1,1,0.5,0,0.4187966287136078,0.8375932574272156
monash_kdd_cup_2018,content_K,7,q1,1,0.5,0,0.38939008116722107,0.7787802219390869
monash_kdd_cup_2018,content_K,8,q1,1,0.5,0,0.3963148593902588,0.7926297187805176
monash_kdd_cup_2018,content_K,9,q1,1,0.5,0,0.38823094964027405,0.7764619588851929
monash_kdd_cup_2018,content_K,10,q1,1,0.5,0,0.38510334491729736,0.77020663022995
monash_kdd_cup_2018,content_K,11,q1,1,0.5,0,0.3759235441684723,0.7518470287322998
monash_kdd_cup_2018,reg_K,0,q1,1,0.5,0,0.33470818400382996,0.6694163680076599
monash_kdd_cup_2018,reg_K,1,q1,1,0.5,0,0.3408065438270569,0.681613028049469
monash_kdd_cup_2018,reg_K,2,q1,1,0.5,0,0.3427087962627411,0.6854175925254822
monash_kdd_cup_2018,reg_K,3,q1,1,0.5,0,0.3506053388118744,0.7012107372283936
monash_kdd_cup_2018,reg_K,4,q1,1,0.5,0,0.35493701696395874,0.7098740339279175
monash_kdd_cup_2018,reg_K,5,q1,1,0.5,0,0.3607793152332306,0.721558690071106
monash_kdd_cup_2018,reg_K,6,q1,1,0.5,0,0.3640846610069275,0.7281692624092102
monash_kdd_cup_2018,reg_K,7,q1,1,0.5,0,0.36367613077163696,0.7273523211479187
monash_kdd_cup_2018,reg_K,8,q1,1,0.5,0,0.380425363779068,0.760850727558136
monash_kdd_cup_2018,reg_K,9,q1,1,0.5,0,0.3579103350639343,0.7158206701278687
monash_kdd_cup_2018,reg_K,10,q1,1,0.5,0,0.3554299473762512,0.7108598351478577
monash_kdd_cup_2018,reg_K,11,q1,1,0.5,0,0.35424312949180603,0.7084862589836121
monash_kdd_cup_2018,fslot_K,0,q1,1,0.5,0,0.3233540952205658,0.6467081904411316
monash_kdd_cup_2018,fslot_K,1,q1,1,0.5,0,0.31680378317832947,0.6336076259613037
monash_kdd_cup_2018,fslot_K,2,q1,1,0.5,0,0.32484152913093567,0.6496831178665161
monash_kdd_cup_2018,fslot_K,3,q1,1,0.5,0,0.33438044786453247,0.6687608957290649
monash_kdd_cup_2018,fslot_K,4,q1,1,0.5,0,0.3383767902851105,0.676753580570221
monash_kdd_cup_2018,fslot_K,5,q1,1,0.5,0,0.34627482295036316,0.6925496459007263
monash_kdd_cup_2018,fslot_K,6,q1,1,0.5,0,0.3284880816936493,0.6569761633872986
monash_kdd_cup_2018,fslot_K,7,q1,1,0.5,0,0.33082684874534607,0.6616536378860474
monash_kdd_cup_2018,fslot_K,8,q1,1,0.5,0,0.3095407485961914,0.6190814971923828
monash_kdd_cup_2018,fslot_K,9,q1,1,0.5,0,0.30078500509262085,0.6015699505805969
monash_kdd_cup_2018,fslot_K,10,q1,1,0.5,0,0.2952941358089447,0.5905882716178894
monash_kdd_cup_2018,fslot_K,11,q1,1,0.5,0,0.2937009036540985,0.5874018669128418
monash_pedestrian_counts,content,0,q1,1,0.5,0,0.17738521099090576,0.3547704219818115
monash_pedestrian_counts,content,1,q1,1,0.5,0,0.16609972715377808,0.33219945430755615
monash_pedestrian_counts,content,2,q1,1,0.5,0,0.15772035717964172,0.31544074416160583
monash_pedestrian_counts,content,3,q1,1,0.5,0,0.15831366181373596,0.3166273236274719
monash_pedestrian_counts,content,4,q1,1,0.5,0,0.1590973138809204,0.3181946277618408
monash_pedestrian_counts,content,5,q1,1,0.5,0,0.15930616855621338,0.31861230731010437
monash_pedestrian_counts,content,6,q1,1,0.5,0,0.16196854412555695,0.3239370882511139
monash_pedestrian_counts,content,7,q1,1,0.5,0,0.1662927269935608,0.3325854539871216
monash_pedestrian_counts,content,8,q1,1,0.5,0,0.16853894293308258,0.33707788586616516
monash_pedestrian_counts,content,9,q1,1,0.5,0,0.16551029682159424,0.3310205936431885
monash_pedestrian_counts,content,10,q1,1,0.5,0,0.16236887872219086,0.3247377574443817
monash_pedestrian_counts,content,11,q1,1,0.5,0,0.16411007940769196,0.3282201588153839
monash_pedestrian_counts,reg,0,q1,1,0.5,0,0.17012202739715576,0.3402440547943115
monash_pedestrian_counts,reg,1,q1,1,0.5,0,0.1634126603603363,0.3268253207206726
monash_pedestrian_counts,reg,2,q1,1,0.5,0,0.15150178968906403,0.30300357937812805
monash_pedestrian_counts,reg,3,q1,1,0.5,0,0.1448819786310196,0.2897639572620392
monash_pedestrian_counts,reg,4,q1,1,0.5,0,0.14097806811332703,0.28195613622665405
monash_pedestrian_counts,reg,5,q1,1,0.5,0,0.14183786511421204,0.2836757302284241
monash_pedestrian_counts,reg,6,q1,1,0.5,0,0.14384789764881134,0.2876957952976227
monash_pedestrian_counts,reg,7,q1,1,0.5,0,0.14544782042503357,0.29089564085006714
monash_pedestrian_counts,reg,8,q1,1,0.5,0,0.14763373136520386,0.2952674627304077
monash_pedestrian_counts,reg,9,q1,1,0.5,0,0.14799541234970093,0.29599085450172424
monash_pedestrian_counts,reg,10,q1,1,0.5,0,0.15098707377910614,0.30197420716285706
monash_pedestrian_counts,reg,11,q1,1,0.5,0,0.15410761535167694,0.3082152009010315
monash_pedestrian_counts,content_K,0,q1,1,0.5,0,0.17715632915496826,0.3543126583099365
monash_pedestrian_counts,content_K,1,q1,1,0.5,0,0.1667046844959259,0.3334093689918518
monash_pedestrian_counts,content_K,2,q1,1,0.5,0,0.16091066598892212,0.32182133197784424
monash_pedestrian_counts,content_K,3,q1,1,0.5,0,0.16107085347175598,0.32214170694351196
monash_pedestrian_counts,content_K,4,q1,1,0.5,0,0.16298775374889374,0.3259755074977875
monash_pedestrian_counts,content_K,5,q1,1,0.5,0,0.16310198605060577,0.32620397210121155
monash_pedestrian_counts,content_K,6,q1,1,0.5,0,0.16712045669555664,0.3342409133911133
monash_pedestrian_counts,content_K,7,q1,1,0.5,0,0.17112895846366882,0.34225791692733765
monash_pedestrian_counts,content_K,8,q1,1,0.5,0,0.17449551820755005,0.3489910364151001
monash_pedestrian_counts,content_K,9,q1,1,0.5,0,0.1725722700357437,0.3451445400714874
monash_pedestrian_counts,content_K,10,q1,1,0.5,0,0.17473314702510834,0.3494662940502167
monash_pedestrian_counts,content_K,11,q1,1,0.5,0,0.17490048706531525,0.3498009741306305
monash_pedestrian_counts,reg_K,0,q1,1,0.5,0,0.1703985035419464,0.3407970070838928
monash_pedestrian_counts,reg_K,1,q1,1,0.5,0,0.1626882553100586,0.3253765106201172
monash_pedestrian_counts,reg_K,2,q1,1,0.5,0,0.15116335451602936,0.3023267090320587
monash_pedestrian_counts,reg_K,3,q1,1,0.5,0,0.14719824492931366,0.2943964898586273
monash_pedestrian_counts,reg_K,4,q1,1,0.5,0,0.144424706697464,0.288849413394928
monash_pedestrian_counts,reg_K,5,q1,1,0.5,0,0.14283205568790436,0.2856641113758087
monash_pedestrian_counts,reg_K,6,q1,1,0.5,0,0.1435377448797226,0.2870754897594452
monash_pedestrian_counts,reg_K,7,q1,1,0.5,0,0.14424942433834076,0.2884988486766815
monash_pedestrian_counts,reg_K,8,q1,1,0.5,0,0.1463399976491928,0.2926799952983856
monash_pedestrian_counts,reg_K,9,q1,1,0.5,0,0.1495145708322525,0.299029141664505
monash_pedestrian_counts,reg_K,10,q1,1,0.5,0,0.1509408801794052,0.3018817603588104
monash_pedestrian_counts,reg_K,11,q1,1,0.5,0,0.15672791004180908,0.3134557902812958
monash_pedestrian_counts,fslot_K,0,q1,1,0.5,0,0.2462702840566635,0.492540568113327
monash_pedestrian_counts,fslot_K,1,q1,1,0.5,0,0.16054879128932953,0.32109758257865906
monash_pedestrian_counts,fslot_K,2,q1,1,0.5,0,0.11430308222770691,0.2286061942577362
monash_pedestrian_counts,fslot_K,3,q1,1,0.5,0,0.11055269092321396,0.22110538184642792
monash_pedestrian_counts,fslot_K,4,q1,1,0.5,0,0.1030927523970604,0.2061855047941208
monash_pedestrian_counts,fslot_K,5,q1,1,0.5,0,0.10490382462739944,0.2098076492547989
monash_pedestrian_counts,fslot_K,6,q1,1,0.5,0,0.09864740818738937,0.19729481637477875
monash_pedestrian_counts,fslot_K,7,q1,1,0.5,0,0.09737003594636917,0.19474007189273834
monash_pedestrian_counts,fslot_K,8,q1,1,0.5,0,0.09346222132444382,0.18692441284656525
monash_pedestrian_counts,fslot_K,9,q1,1,0.5,0,0.09430482238531113,0.18860965967178345
monash_pedestrian_counts,fslot_K,10,q1,1,0.5,0,0.09632381051778793,0.19264762103557587
monash_pedestrian_counts,fslot_K,11,q1,1,0.5,0,0.0983348861336708,0.1966697722673416
uber_tlc_hourly,content,0,q1,1,0.5,0,0.3008820414543152,0.6017640829086304
uber_tlc_hourly,content,1,q1,1,0.5,0,0.297091543674469,0.594183087348938
uber_tlc_hourly,content,2,q1,1,0.5,0,0.28551968932151794,0.5710393786430359
uber_tlc_hourly,content,3,q1,1,0.5,0,0.2842084467411041,0.5684168338775635
uber_tlc_hourly,content,4,q1,1,0.5,0,0.2794247269630432,0.5588494539260864
uber_tlc_hourly,content,5,q1,1,0.5,0,0.2804104685783386,0.5608209371566772
uber_tlc_hourly,content,6,q1,1,0.5,0,0.2833474278450012,0.5666947960853577
uber_tlc_hourly,content,7,q1,1,0.5,0,0.2866155505180359,0.5732311010360718
uber_tlc_hourly,content,8,q1,1,0.5,0,0.28648364543914795,0.5729672908782959
uber_tlc_hourly,content,9,q1,1,0.5,0,0.28703978657722473,0.5740795731544495
uber_tlc_hourly,content,10,q1,1,0.5,0,0.29458174109458923,0.5891634821891785
uber_tlc_hourly,content,11,q1,1,0.5,0,0.3062329590320587,0.6124659180641174
uber_tlc_hourly,reg,0,q1,1,0.5,0,0.30501338839530945,0.6100267171859741
uber_tlc_hourly,reg,1,q1,1,0.5,0,0.29961127042770386,0.5992225408554077
uber_tlc_hourly,reg,2,q1,1,0.5,0,0.28483209013938904,0.5696641206741333
uber_tlc_hourly,reg,3,q1,1,0.5,0,0.27971789240837097,0.5594357848167419
uber_tlc_hourly,reg,4,q1,1,0.5,0,0.27303287386894226,0.5460657477378845
uber_tlc_hourly,reg,5,q1,1,0.5,0,0.27536600828170776,0.5507320165634155
uber_tlc_hourly,reg,6,q1,1,0.5,0,0.27603527903556824,0.5520705580711365
uber_tlc_hourly,reg,7,q1,1,0.5,0,0.27807357907295227,0.5561471581459045
uber_tlc_hourly,reg,8,q1,1,0.5,0,0.27898699045181274,0.5579739809036255
uber_tlc_hourly,reg,9,q1,1,0.5,0,0.27418750524520874,0.5483750104904175
uber_tlc_hourly,reg,10,q1,1,0.5,0,0.2831490933895111,0.5662981867790222
uber_tlc_hourly,reg,11,q1,1,0.5,0,0.29396799206733704,0.5879359841346741
uber_tlc_hourly,content_K,0,q1,1,0.5,0,0.30267566442489624,0.6053513288497925
uber_tlc_hourly,content_K,1,q1,1,0.5,0,0.29468196630477905,0.5893639922142029
uber_tlc_hourly,content_K,2,q1,1,0.5,0,0.2844066023826599,0.5688132047653198
uber_tlc_hourly,content_K,3,q1,1,0.5,0,0.28018346428871155,0.5603669285774231
uber_tlc_hourly,content_K,4,q1,1,0.5,0,0.28093671798706055,0.5618734359741211
uber_tlc_hourly,content_K,5,q1,1,0.5,0,0.27942103147506714,0.5588420629501343
uber_tlc_hourly,content_K,6,q1,1,0.5,0,0.28625568747520447,0.5725113749504089
uber_tlc_hourly,content_K,7,q1,1,0.5,0,0.28890153765678406,0.5778030753135681
uber_tlc_hourly,content_K,8,q1,1,0.5,0,0.29085445404052734,0.5817089080810547
uber_tlc_hourly,content_K,9,q1,1,0.5,0,0.29104477167129517,0.5820894837379456
uber_tlc_hourly,content_K,10,q1,1,0.5,0,0.3022386133670807,0.6044772267341614
uber_tlc_hourly,content_K,11,q1,1,0.5,0,0.314425528049469,0.628851056098938
uber_tlc_hourly,reg_K,0,q1,1,0.5,0,0.3044990301132202,0.6089980602264404
uber_tlc_hourly,reg_K,1,q1,1,0.5,0,0.2945915162563324,0.5891830921173096
uber_tlc_hourly,reg_K,2,q1,1,0.5,0,0.28340837359428406,0.5668167471885681
uber_tlc_hourly,reg_K,3,q1,1,0.5,0,0.27807343006134033,0.5561468601226807
uber_tlc_hourly,reg_K,4,q1,1,0.5,0,0.27442726492881775,0.5488545894622803
uber_tlc_hourly,reg_K,5,q1,1,0.5,0,0.2746765613555908,0.5493531227111816
uber_tlc_hourly,reg_K,6,q1,1,0.5,0,0.2756330966949463,0.5512661933898926
uber_tlc_hourly,reg_K,7,q1,1,0.5,0,0.27598607540130615,0.5519721508026123
uber_tlc_hourly,reg_K,8,q1,1,0.5,0,0.2832910120487213,0.5665819644927979
uber_tlc_hourly,reg_K,9,q1,1,0.5,0,0.27720823884010315,0.5544164776802063
uber_tlc_hourly,reg_K,10,q1,1,0.5,0,0.2786913216114044,0.5573827028274536
uber_tlc_hourly,reg_K,11,q1,1,0.5,0,0.29396405816078186,0.5879281759262085
uber_tlc_hourly,fslot_K,0,q1,1,0.5,0,0.29662492871284485,0.5932498574256897
uber_tlc_hourly,fslot_K,1,q1,1,0.5,0,0.26933303475379944,0.5386660695075989
uber_tlc_hourly,fslot_K,2,q1,1,0.5,0,0.23673544824123383,0.47347086668014526
uber_tlc_hourly,fslot_K,3,q1,1,0.5,0,0.22984354197978973,0.45968708395957947
uber_tlc_hourly,fslot_K,4,q1,1,0.5,0,0.2225777953863144,0.44515562057495117
uber_tlc_hourly,fslot_K,5,q1,1,0.5,0,0.2219967246055603,0.44399338960647583
uber_tlc_hourly,fslot_K,6,q1,1,0.5,0,0.21937455236911774,0.4387491047382355
uber_tlc_hourly,fslot_K,7,q1,1,0.5,0,0.2185155749320984,0.4370311498641968
uber_tlc_hourly,fslot_K,8,q1,1,0.5,0,0.21633321046829224,0.4326663911342621
uber_tlc_hourly,fslot_K,9,q1,1,0.5,0,0.21989287436008453,0.4397857189178467
uber_tlc_hourly,fslot_K,10,q1,1,0.5,0,0.2199125736951828,0.4398251175880432
uber_tlc_hourly,fslot_K,11,q1,1,0.5,0,0.220342755317688,0.4406854510307312
