source_dataset,target_dataset,probe_family,seed,is_ood,quantile_set,layer,delta_vs_last,delta_ci_lo,delta_ci_hi,delta_above_zero,is_oracle_best_layer,is_source_selected_layer,is_last_layer,n_test_series,n_test_windows,bootstrap_replicates
monash_electricity_hourly,monash_electricity_hourly,content_mlp_head,0,False,q9,0,-0.9516193093458813,-1.0412908688143232,-0.861390192782208,False,False,False,False,318,1500,5000
monash_electricity_hourly,monash_electricity_hourly,content_mlp_head,0,False,q9,1,-0.02212443908055617,-0.07206310327094964,0.026331858254967335,False,False,False,False,318,1500,5000
monash_electricity_hourly,monash_electricity_hourly,content_mlp_head,0,False,q9,2,-0.019760511477788345,-0.06893497234943446,0.02533005137136126,False,False,False,False,318,1500,5000
monash_electricity_hourly,monash_electricity_hourly,content_mlp_head,0,False,q9,3,0.09909742983182257,0.06161418360314517,0.13634941242224596,True,False,False,False,318,1500,5000
monash_electricity_hourly,monash_electricity_hourly,content_mlp_head,0,False,q9,4,0.15447221374511733,0.11460488583012915,0.19548297443923096,True,True,True,False,318,1500,5000
monash_electricity_hourly,monash_electricity_hourly,content_mlp_head,0,False,q9,5,0.14353545788923894,0.10566198595619863,0.1816797328664096,True,False,False,False,318,1500,5000
monash_electricity_hourly,monash_electricity_hourly,content_mlp_head,0,False,q9,6,0.0490054407119751,0.010733804235629663,0.08723795020199182,True,False,False,False,318,1500,5000
monash_electricity_hourly,monash_electricity_hourly,content_mlp_head,0,False,q9,7,-0.08328897126515722,-0.12368602239494142,-0.04338419771080925,False,False,False,False,318,1500,5000
monash_electricity_hourly,monash_electricity_hourly,content_mlp_head,0,False,q9,8,-0.025926796992620016,-0.0652793305535446,0.013772338021586027,False,False,False,False,318,1500,5000
monash_electricity_hourly,monash_electricity_hourly,content_mlp_head,0,False,q9,9,-0.07765486240386954,-0.11847587924560439,-0.036917656690949374,False,False,False,False,318,1500,5000
monash_electricity_hourly,monash_electricity_hourly,content_mlp_head,0,False,q9,10,0.0971925400495528,0.059888122669733465,0.1356051685339891,True,False,False,False,318,1500,5000
monash_electricity_hourly,monash_electricity_hourly,content_mlp_head,0,False,q9,11,0.07400942802429178,0.04073399329927426,0.10738785982986182,True,False,False,False,318,1500,5000
monash_electricity_hourly,monash_electricity_hourly,content_mlp_head,0,False,q9,12,0.0,0.0,0.0,False,False,False,True,318,1500,5000
monash_electricity_hourly,monash_kdd_cup_2018,content_mlp_head,0,True,q9,0,0.8729157113275035,0.6378862042680855,1.1263248426773327,True,False,False,False,75,506,5000
monash_electricity_hourly,monash_kdd_cup_2018,content_mlp_head,0,True,q9,1,0.756335622708316,0.5983415328856416,0.917761352945307,True,False,False,False,75,506,5000
monash_electricity_hourly,monash_kdd_cup_2018,content_mlp_head,0,True,q9,2,0.8929605507567935,0.6521909787028783,1.124890522811124,True,True,False,False,75,506,5000
monash_electricity_hourly,monash_kdd_cup_2018,content_mlp_head,0,True,q9,3,0.7845431175156543,0.6202812980247753,0.9496203031513452,True,False,False,False,75,506,5000
monash_electricity_hourly,monash_kdd_cup_2018,content_mlp_head,0,True,q9,4,0.7957977485279786,0.5766467007737613,1.0262672837578184,True,False,True,False,75,506,5000
monash_electricity_hourly,monash_kdd_cup_2018,content_mlp_head,0,True,q9,5,0.4628983674784415,0.279041495112447,0.6542814783716348,True,False,False,False,75,506,5000
monash_electricity_hourly,monash_kdd_cup_2018,content_mlp_head,0,True,q9,6,0.10772464020921291,-0.0807422735144065,0.3010877442669187,False,False,False,False,75,506,5000
monash_electricity_hourly,monash_kdd_cup_2018,content_mlp_head,0,True,q9,7,-0.5167661867594067,-0.7005609806978473,-0.3407424001136006,False,False,False,False,75,506,5000
monash_electricity_hourly,monash_kdd_cup_2018,content_mlp_head,0,True,q9,8,-0.06924354841586666,-0.2114835568916939,0.07490035187334257,False,False,False,False,75,506,5000
monash_electricity_hourly,monash_kdd_cup_2018,content_mlp_head,0,True,q9,9,-0.18543830643529535,-0.3364502415153245,-0.0320788252920162,False,False,False,False,75,506,5000
monash_electricity_hourly,monash_kdd_cup_2018,content_mlp_head,0,True,q9,10,0.41114778763691895,0.28093409272584347,0.5475136210940293,True,False,False,False,75,506,5000
monash_electricity_hourly,monash_kdd_cup_2018,content_mlp_head,0,True,q9,11,0.392666142448606,0.24665724962448904,0.5297997066225243,True,False,False,False,75,506,5000
monash_electricity_hourly,monash_kdd_cup_2018,content_mlp_head,0,True,q9,12,0.0,0.0,0.0,False,False,False,True,75,506,5000
monash_electricity_hourly,uber_tlc_hourly,content_mlp_head,0,True,q9,0,1.722841132322948,1.4307094923909256,2.0231429702302104,True,False,False,False,260,1500,5000
monash_electricity_hourly,uber_tlc_hourly,content_mlp_head,0,True,q9,1,1.259040852864584,1.0203144027823243,1.5112387187749003,True,False,False,False,260,1500,5000
monash_electricity_hourly,uber_tlc_hourly,content_mlp_head,0,True,q9,2,1.751602989832561,1.5351575694254906,1.9703343630198236,True,True,False,False,260,1500,5000
monash_electricity_hourly,uber_tlc_hourly,content_mlp_head,0,True,q9,3,1.3076790456771858,1.1622363015716255,1.4611360257795545,True,False,False,False,260,1500,5000
monash_electricity_hourly,uber_tlc_hourly,content_mlp_head,0,True,q9,4,1.5450777734120686,1.3878117322891534,1.706598380280168,True,False,True,False,260,1500,5000
monash_electricity_hourly,uber_tlc_hourly,content_mlp_head,0,True,q9,5,1.4738178896904,1.2507760977539013,1.7047816789126693,True,False,False,False,260,1500,5000
monash_electricity_hourly,uber_tlc_hourly,content_mlp_head,0,True,q9,6,1.71562446308136,1.4898195393413716,1.9560641279844149,True,False,False,False,260,1500,5000
monash_electricity_hourly,uber_tlc_hourly,content_mlp_head,0,True,q9,7,0.7887073202133186,0.6113614759736326,0.9748621129249954,True,False,False,False,260,1500,5000
monash_electricity_hourly,uber_tlc_hourly,content_mlp_head,0,True,q9,8,0.8930152036348984,0.668215184866609,1.1283124912548814,True,False,False,False,260,1500,5000
monash_electricity_hourly,uber_tlc_hourly,content_mlp_head,0,True,q9,9,0.41121015771230063,0.21251262594985706,0.6146353930371152,True,False,False,False,260,1500,5000
monash_electricity_hourly,uber_tlc_hourly,content_mlp_head,0,True,q9,10,0.5725445896784471,0.3837686321782354,0.7675103929202015,True,False,False,False,260,1500,5000
monash_electricity_hourly,uber_tlc_hourly,content_mlp_head,0,True,q9,11,0.8047643133799243,0.6527421402011613,0.9628197087772323,True,False,False,False,260,1500,5000
monash_electricity_hourly,uber_tlc_hourly,content_mlp_head,0,True,q9,12,0.0,0.0,0.0,False,False,False,True,260,1500,5000
monash_kdd_cup_2018,monash_electricity_hourly,content_mlp_head,0,True,q9,0,-2.852984368324279,-3.1749932614910494,-2.5382590491157258,False,False,False,False,318,1500,5000
monash_kdd_cup_2018,monash_electricity_hourly,content_mlp_head,0,True,q9,1,1.6879013600349433,1.4797752039384147,1.8850289148792028,True,False,False,False,318,1500,5000
monash_kdd_cup_2018,monash_electricity_hourly,content_mlp_head,0,True,q9,2,1.2224840186436978,0.9604535158589149,1.47192027460465,True,False,False,False,318,1500,5000
monash_kdd_cup_2018,monash_electricity_hourly,content_mlp_head,0,True,q9,3,0.6148787714640314,0.3665909696975628,0.8419008397969827,True,False,False,False,318,1500,5000
monash_kdd_cup_2018,monash_electricity_hourly,content_mlp_head,0,True,q9,4,0.6006463667551678,0.38528357885691067,0.8053450283231874,True,False,False,False,318,1500,5000
monash_kdd_cup_2018,monash_electricity_hourly,content_mlp_head,0,True,q9,5,1.6538719094594327,1.4507745582596798,1.849423804815576,True,False,False,False,318,1500,5000
monash_kdd_cup_2018,monash_electricity_hourly,content_mlp_head,0,True,q9,6,2.5904998987515775,2.3983691225695716,2.7792238215452207,True,True,False,False,318,1500,5000
monash_kdd_cup_2018,monash_electricity_hourly,content_mlp_head,0,True,q9,7,2.0992987845738735,1.8538394505588487,2.3291621518477696,True,False,False,False,318,1500,5000
monash_kdd_cup_2018,monash_electricity_hourly,content_mlp_head,0,True,q9,8,1.558437374114991,1.3408900456089923,1.7700031587710747,True,False,False,False,318,1500,5000
monash_kdd_cup_2018,monash_electricity_hourly,content_mlp_head,0,True,q9,9,0.5841268137296041,0.4100353143311356,0.7600642262357897,True,False,False,False,318,1500,5000
monash_kdd_cup_2018,monash_electricity_hourly,content_mlp_head,0,True,q9,10,1.5781639887491865,1.3962413920766996,1.7575155365197932,True,False,True,False,318,1500,5000
monash_kdd_cup_2018,monash_electricity_hourly,content_mlp_head,0,True,q9,11,0.10353271325429425,-0.028681618051003836,0.23510823568394365,False,False,False,False,318,1500,5000
monash_kdd_cup_2018,monash_electricity_hourly,content_mlp_head,0,True,q9,12,0.0,0.0,0.0,False,False,False,True,318,1500,5000
monash_kdd_cup_2018,monash_kdd_cup_2018,content_mlp_head,0,False,q9,0,-0.16561242667111475,-0.49593970047683295,0.14330788579037307,False,False,False,False,75,506,5000
monash_kdd_cup_2018,monash_kdd_cup_2018,content_mlp_head,0,False,q9,1,0.3680676066357158,0.16610021061392904,0.5589166361039201,True,False,False,False,75,506,5000
monash_kdd_cup_2018,monash_kdd_cup_2018,content_mlp_head,0,False,q9,2,0.24897536293791234,0.016646967520294847,0.46238162335403654,True,False,False,False,75,506,5000
monash_kdd_cup_2018,monash_kdd_cup_2018,content_mlp_head,0,False,q9,3,0.502839004569374,0.30680191517396543,0.6902894483437491,True,True,False,False,75,506,5000
monash_kdd_cup_2018,monash_kdd_cup_2018,content_mlp_head,0,False,q9,4,0.4143507084827647,0.23977704450286752,0.5847670842656146,True,False,False,False,75,506,5000
monash_kdd_cup_2018,monash_kdd_cup_2018,content_mlp_head,0,False,q9,5,0.2280131625563726,0.03441804231541752,0.4093095944546715,True,False,False,False,75,506,5000
monash_kdd_cup_2018,monash_kdd_cup_2018,content_mlp_head,0,False,q9,6,0.43046035644093994,0.24713297593859568,0.6025891481266995,True,False,False,False,75,506,5000
monash_kdd_cup_2018,monash_kdd_cup_2018,content_mlp_head,0,False,q9,7,0.42048384832299224,0.26922920632673236,0.569428349513359,True,False,False,False,75,506,5000
monash_kdd_cup_2018,monash_kdd_cup_2018,content_mlp_head,0,False,q9,8,0.28081501661081987,0.1376297211889053,0.43412776196034564,True,False,False,False,75,506,5000
monash_kdd_cup_2018,monash_kdd_cup_2018,content_mlp_head,0,False,q9,9,0.1671122830847036,0.007285753881295401,0.3215650338686032,True,False,False,False,75,506,5000
monash_kdd_cup_2018,monash_kdd_cup_2018,content_mlp_head,0,False,q9,10,-0.1463672888608789,-0.3154074130884862,0.03287635095124888,False,False,True,False,75,506,5000
monash_kdd_cup_2018,monash_kdd_cup_2018,content_mlp_head,0,False,q9,11,0.10475234693218116,-0.018341131571833678,0.2432658711535494,False,False,False,False,75,506,5000
monash_kdd_cup_2018,monash_kdd_cup_2018,content_mlp_head,0,False,q9,12,0.0,0.0,0.0,False,False,False,True,75,506,5000
monash_kdd_cup_2018,uber_tlc_hourly,content_mlp_head,0,True,q9,0,0.6915773731867478,0.31653916898393447,1.0839416226093632,True,False,False,False,260,1500,5000
monash_kdd_cup_2018,uber_tlc_hourly,content_mlp_head,0,True,q9,1,1.263573536554972,0.9975141079838444,1.5142211506653458,True,False,False,False,260,1500,5000
monash_kdd_cup_2018,uber_tlc_hourly,content_mlp_head,0,True,q9,2,0.03625309705734203,-0.48987223849347433,0.5444039805062678,False,False,False,False,260,1500,5000
monash_kdd_cup_2018,uber_tlc_hourly,content_mlp_head,0,True,q9,3,0.18646831512451278,-0.08103118395030862,0.44730711316406324,False,False,False,False,260,1500,5000
monash_kdd_cup_2018,uber_tlc_hourly,content_mlp_head,0,True,q9,4,1.3355959547360747,1.1375036931497433,1.5258003752515308,True,True,False,False,260,1500,5000
monash_kdd_cup_2018,uber_tlc_hourly,content_mlp_head,0,True,q9,5,0.9549456717173257,0.741660499715134,1.161683496335798,True,False,False,False,260,1500,5000
monash_kdd_cup_2018,uber_tlc_hourly,content_mlp_head,0,True,q9,6,1.1577394072214773,0.9074043583997916,1.4152063894793472,True,False,False,False,260,1500,5000
monash_kdd_cup_2018,uber_tlc_hourly,content_mlp_head,0,True,q9,7,-1.8120278488794952,-2.1590674174617352,-1.4465802356243405,False,False,False,False,260,1500,5000
monash_kdd_cup_2018,uber_tlc_hourly,content_mlp_head,0,True,q9,8,0.23563331604003857,-0.1251302823491604,0.61643874922343,False,False,False,False,260,1500,5000
monash_kdd_cup_2018,uber_tlc_hourly,content_mlp_head,0,True,q9,9,0.5979053684870408,0.342365657852973,0.8727928851386767,True,False,False,False,260,1500,5000
monash_kdd_cup_2018,uber_tlc_hourly,content_mlp_head,0,True,q9,10,0.28887162113189646,0.0013534320151964488,0.6012788218540138,True,False,True,False,260,1500,5000
monash_kdd_cup_2018,uber_tlc_hourly,content_mlp_head,0,True,q9,11,0.5866656812032076,0.3912918918147226,0.7926998024254396,True,False,False,False,260,1500,5000
monash_kdd_cup_2018,uber_tlc_hourly,content_mlp_head,0,True,q9,12,0.0,0.0,0.0,False,False,False,True,260,1500,5000
uber_tlc_hourly,monash_electricity_hourly,content_mlp_head,0,True,q9,0,-3.6769743725458772,-3.937453513531989,-3.4317264224618897,False,False,False,False,318,1500,5000
uber_tlc_hourly,monash_electricity_hourly,content_mlp_head,0,True,q9,1,-1.4030709134737647,-1.601538619299783,-1.200942575666534,False,False,False,False,318,1500,5000
uber_tlc_hourly,monash_electricity_hourly,content_mlp_head,0,True,q9,2,0.1305750425656642,0.0021037123043630384,0.25366204571554196,True,False,False,False,318,1500,5000
uber_tlc_hourly,monash_electricity_hourly,content_mlp_head,0,True,q9,3,0.002448404153188477,-0.11895288301180575,0.1235490854668194,False,False,False,False,318,1500,5000
uber_tlc_hourly,monash_electricity_hourly,content_mlp_head,0,True,q9,4,0.5538915534019475,0.4537324111064577,0.650986941512141,True,False,False,False,318,1500,5000
uber_tlc_hourly,monash_electricity_hourly,content_mlp_head,0,True,q9,5,0.4598154406547543,0.3616053319274553,0.5594347394919233,True,False,False,False,318,1500,5000
uber_tlc_hourly,monash_electricity_hourly,content_mlp_head,0,True,q9,6,0.6103264815012617,0.5094511792801719,0.7092594423829343,True,True,False,False,318,1500,5000
uber_tlc_hourly,monash_electricity_hourly,content_mlp_head,0,True,q9,7,0.390912686189016,0.2950068481579136,0.48252605184823755,True,False,False,False,318,1500,5000
uber_tlc_hourly,monash_electricity_hourly,content_mlp_head,0,True,q9,8,-0.08142019303639714,-0.198857066039684,0.036822232873288376,False,False,False,False,318,1500,5000
uber_tlc_hourly,monash_electricity_hourly,content_mlp_head,0,True,q9,9,0.03983316818873117,-0.07270259079547889,0.1534841971960094,False,False,False,False,318,1500,5000
uber_tlc_hourly,monash_electricity_hourly,content_mlp_head,0,True,q9,10,-0.4958437622388203,-0.6276694437722087,-0.364074068636709,False,False,False,False,318,1500,5000
uber_tlc_hourly,monash_electricity_hourly,content_mlp_head,0,True,q9,11,-0.4222825088500972,-0.5323474452753327,-0.30581528491093674,False,False,False,False,318,1500,5000
uber_tlc_hourly,monash_electricity_hourly,content_mlp_head,0,True,q9,12,0.0,0.0,0.0,False,False,True,True,318,1500,5000
uber_tlc_hourly,monash_kdd_cup_2018,content_mlp_head,0,True,q9,0,-1.258876115437082,-1.4235454071552627,-1.0810563938605395,False,False,False,False,75,506,5000
uber_tlc_hourly,monash_kdd_cup_2018,content_mlp_head,0,True,q9,1,-1.5736079456306733,-1.8616737207846403,-1.2958656081323172,False,False,False,False,75,506,5000
uber_tlc_hourly,monash_kdd_cup_2018,content_mlp_head,0,True,q9,2,-0.1974583378893584,-0.3348076682998776,-0.05549135555975855,False,False,False,False,75,506,5000
uber_tlc_hourly,monash_kdd_cup_2018,content_mlp_head,0,True,q9,3,-0.023000061276402306,-0.15895912507350446,0.11169000942171596,False,False,False,False,75,506,5000
uber_tlc_hourly,monash_kdd_cup_2018,content_mlp_head,0,True,q9,4,-0.9627441412846558,-1.143330921993581,-0.7779334796994337,False,False,False,False,75,506,5000
uber_tlc_hourly,monash_kdd_cup_2018,content_mlp_head,0,True,q9,5,-0.8598004353376245,-0.958381145752611,-0.7602377232372368,False,False,False,False,75,506,5000
uber_tlc_hourly,monash_kdd_cup_2018,content_mlp_head,0,True,q9,6,-2.297957684682763,-2.438341641909907,-2.160375253204215,False,False,False,False,75,506,5000
uber_tlc_hourly,monash_kdd_cup_2018,content_mlp_head,0,True,q9,7,-1.849314964335897,-1.9783410834759325,-1.7284992910080823,False,False,False,False,75,506,5000
uber_tlc_hourly,monash_kdd_cup_2018,content_mlp_head,0,True,q9,8,-2.669661962467692,-2.8160341258971324,-2.5227631292371067,False,False,False,False,75,506,5000
uber_tlc_hourly,monash_kdd_cup_2018,content_mlp_head,0,True,q9,9,-2.4694369531902867,-2.6142016086588415,-2.3307547796372643,False,False,False,False,75,506,5000
uber_tlc_hourly,monash_kdd_cup_2018,content_mlp_head,0,True,q9,10,-1.5460049818626977,-1.6397974199405567,-1.4529543407717365,False,False,False,False,75,506,5000
uber_tlc_hourly,monash_kdd_cup_2018,content_mlp_head,0,True,q9,11,-1.3575850065517798,-1.4453084736550013,-1.2692240114407902,False,False,False,False,75,506,5000
uber_tlc_hourly,monash_kdd_cup_2018,content_mlp_head,0,True,q9,12,0.0,0.0,0.0,False,True,True,True,75,506,5000
uber_tlc_hourly,uber_tlc_hourly,content_mlp_head,0,False,q9,0,-0.7282757925987244,-0.8198540289713955,-0.6346805229723292,False,False,False,False,260,1500,5000
uber_tlc_hourly,uber_tlc_hourly,content_mlp_head,0,False,q9,1,-0.18520780690511085,-0.23356117760268152,-0.13692012390445576,False,False,False,False,260,1500,5000
uber_tlc_hourly,uber_tlc_hourly,content_mlp_head,0,False,q9,2,-0.031228082497914755,-0.08213377889547105,0.018922631097794757,False,False,False,False,260,1500,5000
uber_tlc_hourly,uber_tlc_hourly,content_mlp_head,0,False,q9,3,0.06242571385701545,0.015408794129841863,0.11113759257234446,True,False,False,False,260,1500,5000
uber_tlc_hourly,uber_tlc_hourly,content_mlp_head,0,False,q9,4,0.1254339685440069,0.08310763839931457,0.1670836414970252,True,True,False,False,260,1500,5000
uber_tlc_hourly,uber_tlc_hourly,content_mlp_head,0,False,q9,5,0.11401625935236659,0.06362554106378782,0.1647162069692901,True,False,False,False,260,1500,5000
uber_tlc_hourly,uber_tlc_hourly,content_mlp_head,0,False,q9,6,0.07242959610621114,0.024421214771644162,0.12248546292637946,True,False,False,False,260,1500,5000
uber_tlc_hourly,uber_tlc_hourly,content_mlp_head,0,False,q9,7,0.007558244705200501,-0.03928173998734199,0.05439673796253111,False,False,False,False,260,1500,5000
uber_tlc_hourly,uber_tlc_hourly,content_mlp_head,0,False,q9,8,0.08496331755320252,0.036965185947923064,0.13389202376717083,True,False,False,False,260,1500,5000
uber_tlc_hourly,uber_tlc_hourly,content_mlp_head,0,False,q9,9,0.026173638184865844,-0.02599127552296745,0.07822028261249528,False,False,False,False,260,1500,5000
uber_tlc_hourly,uber_tlc_hourly,content_mlp_head,0,False,q9,10,0.08008548800150539,0.029420139533763347,0.1317635956082281,True,False,False,False,260,1500,5000
uber_tlc_hourly,uber_tlc_hourly,content_mlp_head,0,False,q9,11,0.06343617026011206,0.020923325595671116,0.10517659901192686,True,False,False,False,260,1500,5000
uber_tlc_hourly,uber_tlc_hourly,content_mlp_head,0,False,q9,12,0.0,0.0,0.0,False,False,True,True,260,1500,5000
