pt_status,probe_status,quadrant,source_dataset,target_dataset,probe_fitted_on,wd_selected_on,tunnel_defined_on,l_start_sustained,val_selected_layer,final_reference,quantile_set,readout,probe_family,layer,layer_label,quantile_loss,mase,is_selected_layer,is_reference,in_sustained_tunnel
PT-OOD,Probe-OOD,PT-OOD / Probe-OOD,monash_electricity_hourly,sg_carpark,monash_electricity_hourly,monash_electricity_hourly:validation,monash_electricity_hourly:validation,3,11,L12+LN,q9,fslot_mlp,native_mlp,0,Emb,5.809849,2.543156,False,False,False
PT-OOD,Probe-OOD,PT-OOD / Probe-OOD,monash_electricity_hourly,sg_carpark,monash_electricity_hourly,monash_electricity_hourly:validation,monash_electricity_hourly:validation,3,11,L12+LN,q9,fslot_mlp,native_mlp,1,L1,3.13284,1.430627,False,False,False
PT-OOD,Probe-OOD,PT-OOD / Probe-OOD,monash_electricity_hourly,sg_carpark,monash_electricity_hourly,monash_electricity_hourly:validation,monash_electricity_hourly:validation,3,11,L12+LN,q9,fslot_mlp,native_mlp,2,L2,3.057593,1.397096,False,False,False
PT-OOD,Probe-OOD,PT-OOD / Probe-OOD,monash_electricity_hourly,sg_carpark,monash_electricity_hourly,monash_electricity_hourly:validation,monash_electricity_hourly:validation,3,11,L12+LN,q9,fslot_mlp,native_mlp,3,L3,2.586341,1.139711,False,False,True
PT-OOD,Probe-OOD,PT-OOD / Probe-OOD,monash_electricity_hourly,sg_carpark,monash_electricity_hourly,monash_electricity_hourly:validation,monash_electricity_hourly:validation,3,11,L12+LN,q9,fslot_mlp,native_mlp,4,L4,2.420139,1.057119,False,False,True
PT-OOD,Probe-OOD,PT-OOD / Probe-OOD,monash_electricity_hourly,sg_carpark,monash_electricity_hourly,monash_electricity_hourly:validation,monash_electricity_hourly:validation,3,11,L12+LN,q9,fslot_mlp,native_mlp,5,L5,2.37223,1.098082,False,False,True
PT-OOD,Probe-OOD,PT-OOD / Probe-OOD,monash_electricity_hourly,sg_carpark,monash_electricity_hourly,monash_electricity_hourly:validation,monash_electricity_hourly:validation,3,11,L12+LN,q9,fslot_mlp,native_mlp,6,L6,2.352235,1.072283,False,False,True
PT-OOD,Probe-OOD,PT-OOD / Probe-OOD,monash_electricity_hourly,sg_carpark,monash_electricity_hourly,monash_electricity_hourly:validation,monash_electricity_hourly:validation,3,11,L12+LN,q9,fslot_mlp,native_mlp,7,L7,2.354584,1.050069,False,False,True
PT-OOD,Probe-OOD,PT-OOD / Probe-OOD,monash_electricity_hourly,sg_carpark,monash_electricity_hourly,monash_electricity_hourly:validation,monash_electricity_hourly:validation,3,11,L12+LN,q9,fslot_mlp,native_mlp,8,L8,2.451782,1.160487,False,False,True
PT-OOD,Probe-OOD,PT-OOD / Probe-OOD,monash_electricity_hourly,sg_carpark,monash_electricity_hourly,monash_electricity_hourly:validation,monash_electricity_hourly:validation,3,11,L12+LN,q9,fslot_mlp,native_mlp,9,L9,2.409723,1.10234,False,False,True
PT-OOD,Probe-OOD,PT-OOD / Probe-OOD,monash_electricity_hourly,sg_carpark,monash_electricity_hourly,monash_electricity_hourly:validation,monash_electricity_hourly:validation,3,11,L12+LN,q9,fslot_mlp,native_mlp,10,L10,2.412814,1.140594,False,False,True
PT-OOD,Probe-OOD,PT-OOD / Probe-OOD,monash_electricity_hourly,sg_carpark,monash_electricity_hourly,monash_electricity_hourly:validation,monash_electricity_hourly:validation,3,11,L12+LN,q9,fslot_mlp,native_mlp,11,L11,2.384793,1.181491,True,False,True
PT-OOD,Probe-OOD,PT-OOD / Probe-OOD,monash_electricity_hourly,sg_carpark,monash_electricity_hourly,monash_electricity_hourly:validation,monash_electricity_hourly:validation,3,11,L12+LN,q9,fslot_mlp,native_mlp,12,L12,2.43959,1.193771,False,False,True
PT-OOD,Probe-OOD,PT-OOD / Probe-OOD,monash_electricity_hourly,sg_carpark,monash_electricity_hourly,monash_electricity_hourly:validation,monash_electricity_hourly:validation,3,11,L12+LN,q9,fslot_mlp,native_mlp,13,L12+LN,2.334594,1.120473,False,True,True
PT-OOD,Probe-OOD,PT-OOD / Probe-OOD,monash_electricity_hourly,coastal_ts,monash_electricity_hourly,monash_electricity_hourly:validation,monash_electricity_hourly:validation,3,11,L12+LN,q9,fslot_mlp,native_mlp,0,Emb,6.622668,2.501407,False,False,False
PT-OOD,Probe-OOD,PT-OOD / Probe-OOD,monash_electricity_hourly,coastal_ts,monash_electricity_hourly,monash_electricity_hourly:validation,monash_electricity_hourly:validation,3,11,L12+LN,q9,fslot_mlp,native_mlp,1,L1,5.259667,2.0596,False,False,False
PT-OOD,Probe-OOD,PT-OOD / Probe-OOD,monash_electricity_hourly,coastal_ts,monash_electricity_hourly,monash_electricity_hourly:validation,monash_electricity_hourly:validation,3,11,L12+LN,q9,fslot_mlp,native_mlp,2,L2,5.358148,2.051159,False,False,False
PT-OOD,Probe-OOD,PT-OOD / Probe-OOD,monash_electricity_hourly,coastal_ts,monash_electricity_hourly,monash_electricity_hourly:validation,monash_electricity_hourly:validation,3,11,L12+LN,q9,fslot_mlp,native_mlp,3,L3,5.234483,1.868224,False,False,True
PT-OOD,Probe-OOD,PT-OOD / Probe-OOD,monash_electricity_hourly,coastal_ts,monash_electricity_hourly,monash_electricity_hourly:validation,monash_electricity_hourly:validation,3,11,L12+LN,q9,fslot_mlp,native_mlp,4,L4,5.107496,1.799798,False,False,True
PT-OOD,Probe-OOD,PT-OOD / Probe-OOD,monash_electricity_hourly,coastal_ts,monash_electricity_hourly,monash_electricity_hourly:validation,monash_electricity_hourly:validation,3,11,L12+LN,q9,fslot_mlp,native_mlp,5,L5,4.957555,1.651456,False,False,True
PT-OOD,Probe-OOD,PT-OOD / Probe-OOD,monash_electricity_hourly,coastal_ts,monash_electricity_hourly,monash_electricity_hourly:validation,monash_electricity_hourly:validation,3,11,L12+LN,q9,fslot_mlp,native_mlp,6,L6,5.025268,1.694865,False,False,True
PT-OOD,Probe-OOD,PT-OOD / Probe-OOD,monash_electricity_hourly,coastal_ts,monash_electricity_hourly,monash_electricity_hourly:validation,monash_electricity_hourly:validation,3,11,L12+LN,q9,fslot_mlp,native_mlp,7,L7,5.095009,1.662574,False,False,True
PT-OOD,Probe-OOD,PT-OOD / Probe-OOD,monash_electricity_hourly,coastal_ts,monash_electricity_hourly,monash_electricity_hourly:validation,monash_electricity_hourly:validation,3,11,L12+LN,q9,fslot_mlp,native_mlp,8,L8,5.186079,1.656704,False,False,True
PT-OOD,Probe-OOD,PT-OOD / Probe-OOD,monash_electricity_hourly,coastal_ts,monash_electricity_hourly,monash_electricity_hourly:validation,monash_electricity_hourly:validation,3,11,L12+LN,q9,fslot_mlp,native_mlp,9,L9,4.780732,1.610484,False,False,True
PT-OOD,Probe-OOD,PT-OOD / Probe-OOD,monash_electricity_hourly,coastal_ts,monash_electricity_hourly,monash_electricity_hourly:validation,monash_electricity_hourly:validation,3,11,L12+LN,q9,fslot_mlp,native_mlp,10,L10,4.974094,1.706765,False,False,True
PT-OOD,Probe-OOD,PT-OOD / Probe-OOD,monash_electricity_hourly,coastal_ts,monash_electricity_hourly,monash_electricity_hourly:validation,monash_electricity_hourly:validation,3,11,L12+LN,q9,fslot_mlp,native_mlp,11,L11,4.896364,1.6909,True,False,True
PT-OOD,Probe-OOD,PT-OOD / Probe-OOD,monash_electricity_hourly,coastal_ts,monash_electricity_hourly,monash_electricity_hourly:validation,monash_electricity_hourly:validation,3,11,L12+LN,q9,fslot_mlp,native_mlp,12,L12,4.796709,1.708811,False,False,True
PT-OOD,Probe-OOD,PT-OOD / Probe-OOD,monash_electricity_hourly,coastal_ts,monash_electricity_hourly,monash_electricity_hourly:validation,monash_electricity_hourly:validation,3,11,L12+LN,q9,fslot_mlp,native_mlp,13,L12+LN,4.660257,1.565664,False,True,True
PT-OOD,Probe-OOD,PT-OOD / Probe-OOD,monash_electricity_hourly,boom_hourly,monash_electricity_hourly,monash_electricity_hourly:validation,monash_electricity_hourly:validation,3,11,L12+LN,q9,fslot_mlp,native_mlp,0,Emb,4.680739,2.18919,False,False,False
PT-OOD,Probe-OOD,PT-OOD / Probe-OOD,monash_electricity_hourly,boom_hourly,monash_electricity_hourly,monash_electricity_hourly:validation,monash_electricity_hourly:validation,3,11,L12+LN,q9,fslot_mlp,native_mlp,1,L1,4.432387,2.911122,False,False,False
PT-OOD,Probe-OOD,PT-OOD / Probe-OOD,monash_electricity_hourly,boom_hourly,monash_electricity_hourly,monash_electricity_hourly:validation,monash_electricity_hourly:validation,3,11,L12+LN,q9,fslot_mlp,native_mlp,2,L2,4.208902,2.607156,False,False,False
PT-OOD,Probe-OOD,PT-OOD / Probe-OOD,monash_electricity_hourly,boom_hourly,monash_electricity_hourly,monash_electricity_hourly:validation,monash_electricity_hourly:validation,3,11,L12+LN,q9,fslot_mlp,native_mlp,3,L3,3.616477,1.964236,False,False,True
PT-OOD,Probe-OOD,PT-OOD / Probe-OOD,monash_electricity_hourly,boom_hourly,monash_electricity_hourly,monash_electricity_hourly:validation,monash_electricity_hourly:validation,3,11,L12+LN,q9,fslot_mlp,native_mlp,4,L4,3.604255,1.977427,False,False,True
PT-OOD,Probe-OOD,PT-OOD / Probe-OOD,monash_electricity_hourly,boom_hourly,monash_electricity_hourly,monash_electricity_hourly:validation,monash_electricity_hourly:validation,3,11,L12+LN,q9,fslot_mlp,native_mlp,5,L5,3.430197,1.88511,False,False,True
PT-OOD,Probe-OOD,PT-OOD / Probe-OOD,monash_electricity_hourly,boom_hourly,monash_electricity_hourly,monash_electricity_hourly:validation,monash_electricity_hourly:validation,3,11,L12+LN,q9,fslot_mlp,native_mlp,6,L6,3.427612,1.760321,False,False,True
PT-OOD,Probe-OOD,PT-OOD / Probe-OOD,monash_electricity_hourly,boom_hourly,monash_electricity_hourly,monash_electricity_hourly:validation,monash_electricity_hourly:validation,3,11,L12+LN,q9,fslot_mlp,native_mlp,7,L7,3.289897,1.650107,False,False,True
PT-OOD,Probe-OOD,PT-OOD / Probe-OOD,monash_electricity_hourly,boom_hourly,monash_electricity_hourly,monash_electricity_hourly:validation,monash_electricity_hourly:validation,3,11,L12+LN,q9,fslot_mlp,native_mlp,8,L8,3.443926,1.678465,False,False,True
PT-OOD,Probe-OOD,PT-OOD / Probe-OOD,monash_electricity_hourly,boom_hourly,monash_electricity_hourly,monash_electricity_hourly:validation,monash_electricity_hourly:validation,3,11,L12+LN,q9,fslot_mlp,native_mlp,9,L9,3.386652,1.787857,False,False,True
PT-OOD,Probe-OOD,PT-OOD / Probe-OOD,monash_electricity_hourly,boom_hourly,monash_electricity_hourly,monash_electricity_hourly:validation,monash_electricity_hourly:validation,3,11,L12+LN,q9,fslot_mlp,native_mlp,10,L10,4.390649,50.707153,False,False,True
PT-OOD,Probe-OOD,PT-OOD / Probe-OOD,monash_electricity_hourly,boom_hourly,monash_electricity_hourly,monash_electricity_hourly:validation,monash_electricity_hourly:validation,3,11,L12+LN,q9,fslot_mlp,native_mlp,11,L11,4.585136,6.666787,True,False,True
PT-OOD,Probe-OOD,PT-OOD / Probe-OOD,monash_electricity_hourly,boom_hourly,monash_electricity_hourly,monash_electricity_hourly:validation,monash_electricity_hourly:validation,3,11,L12+LN,q9,fslot_mlp,native_mlp,12,L12,5.502985,7.306686,False,False,True
PT-OOD,Probe-OOD,PT-OOD / Probe-OOD,monash_electricity_hourly,boom_hourly,monash_electricity_hourly,monash_electricity_hourly:validation,monash_electricity_hourly:validation,3,11,L12+LN,q9,fslot_mlp,native_mlp,13,L12+LN,3.815796,2.055299,False,True,True
PT-OOD,Probe-OOD,PT-OOD / Probe-OOD,uber_tlc_hourly,sg_carpark,uber_tlc_hourly,uber_tlc_hourly:validation,uber_tlc_hourly:validation,12,13,L12+LN,q9,fslot_mlp,native_mlp,0,Emb,6.81227,2.710758,False,False,False
PT-OOD,Probe-OOD,PT-OOD / Probe-OOD,uber_tlc_hourly,sg_carpark,uber_tlc_hourly,uber_tlc_hourly:validation,uber_tlc_hourly:validation,12,13,L12+LN,q9,fslot_mlp,native_mlp,1,L1,4.54369,2.125253,False,False,False
PT-OOD,Probe-OOD,PT-OOD / Probe-OOD,uber_tlc_hourly,sg_carpark,uber_tlc_hourly,uber_tlc_hourly:validation,uber_tlc_hourly:validation,12,13,L12+LN,q9,fslot_mlp,native_mlp,2,L2,4.328317,1.980794,False,False,False
PT-OOD,Probe-OOD,PT-OOD / Probe-OOD,uber_tlc_hourly,sg_carpark,uber_tlc_hourly,uber_tlc_hourly:validation,uber_tlc_hourly:validation,12,13,L12+LN,q9,fslot_mlp,native_mlp,3,L3,3.64227,1.557639,False,False,False
PT-OOD,Probe-OOD,PT-OOD / Probe-OOD,uber_tlc_hourly,sg_carpark,uber_tlc_hourly,uber_tlc_hourly:validation,uber_tlc_hourly:validation,12,13,L12+LN,q9,fslot_mlp,native_mlp,4,L4,3.564135,1.655748,False,False,False
PT-OOD,Probe-OOD,PT-OOD / Probe-OOD,uber_tlc_hourly,sg_carpark,uber_tlc_hourly,uber_tlc_hourly:validation,uber_tlc_hourly:validation,12,13,L12+LN,q9,fslot_mlp,native_mlp,5,L5,3.508094,1.668519,False,False,False
PT-OOD,Probe-OOD,PT-OOD / Probe-OOD,uber_tlc_hourly,sg_carpark,uber_tlc_hourly,uber_tlc_hourly:validation,uber_tlc_hourly:validation,12,13,L12+LN,q9,fslot_mlp,native_mlp,6,L6,3.513013,1.725267,False,False,False
PT-OOD,Probe-OOD,PT-OOD / Probe-OOD,uber_tlc_hourly,sg_carpark,uber_tlc_hourly,uber_tlc_hourly:validation,uber_tlc_hourly:validation,12,13,L12+LN,q9,fslot_mlp,native_mlp,7,L7,3.428962,1.590734,False,False,False
PT-OOD,Probe-OOD,PT-OOD / Probe-OOD,uber_tlc_hourly,sg_carpark,uber_tlc_hourly,uber_tlc_hourly:validation,uber_tlc_hourly:validation,12,13,L12+LN,q9,fslot_mlp,native_mlp,8,L8,3.512762,1.579407,False,False,False
PT-OOD,Probe-OOD,PT-OOD / Probe-OOD,uber_tlc_hourly,sg_carpark,uber_tlc_hourly,uber_tlc_hourly:validation,uber_tlc_hourly:validation,12,13,L12+LN,q9,fslot_mlp,native_mlp,9,L9,3.360362,1.578151,False,False,False
PT-OOD,Probe-OOD,PT-OOD / Probe-OOD,uber_tlc_hourly,sg_carpark,uber_tlc_hourly,uber_tlc_hourly:validation,uber_tlc_hourly:validation,12,13,L12+LN,q9,fslot_mlp,native_mlp,10,L10,3.303912,1.561508,False,False,False
PT-OOD,Probe-OOD,PT-OOD / Probe-OOD,uber_tlc_hourly,sg_carpark,uber_tlc_hourly,uber_tlc_hourly:validation,uber_tlc_hourly:validation,12,13,L12+LN,q9,fslot_mlp,native_mlp,11,L11,3.019278,1.498944,False,False,False
PT-OOD,Probe-OOD,PT-OOD / Probe-OOD,uber_tlc_hourly,sg_carpark,uber_tlc_hourly,uber_tlc_hourly:validation,uber_tlc_hourly:validation,12,13,L12+LN,q9,fslot_mlp,native_mlp,12,L12,2.778022,1.305948,False,False,True
PT-OOD,Probe-OOD,PT-OOD / Probe-OOD,uber_tlc_hourly,sg_carpark,uber_tlc_hourly,uber_tlc_hourly:validation,uber_tlc_hourly:validation,12,13,L12+LN,q9,fslot_mlp,native_mlp,13,L12+LN,2.64756,1.229059,True,True,True
PT-OOD,Probe-OOD,PT-OOD / Probe-OOD,uber_tlc_hourly,coastal_ts,uber_tlc_hourly,uber_tlc_hourly:validation,uber_tlc_hourly:validation,12,13,L12+LN,q9,fslot_mlp,native_mlp,0,Emb,7.592662,2.630852,False,False,False
PT-OOD,Probe-OOD,PT-OOD / Probe-OOD,uber_tlc_hourly,coastal_ts,uber_tlc_hourly,uber_tlc_hourly:validation,uber_tlc_hourly:validation,12,13,L12+LN,q9,fslot_mlp,native_mlp,1,L1,7.539832,5.434784,False,False,False
PT-OOD,Probe-OOD,PT-OOD / Probe-OOD,uber_tlc_hourly,coastal_ts,uber_tlc_hourly,uber_tlc_hourly:validation,uber_tlc_hourly:validation,12,13,L12+LN,q9,fslot_mlp,native_mlp,2,L2,7.249776,3.002618,False,False,False
PT-OOD,Probe-OOD,PT-OOD / Probe-OOD,uber_tlc_hourly,coastal_ts,uber_tlc_hourly,uber_tlc_hourly:validation,uber_tlc_hourly:validation,12,13,L12+LN,q9,fslot_mlp,native_mlp,3,L3,7.130301,2.586517,False,False,False
PT-OOD,Probe-OOD,PT-OOD / Probe-OOD,uber_tlc_hourly,coastal_ts,uber_tlc_hourly,uber_tlc_hourly:validation,uber_tlc_hourly:validation,12,13,L12+LN,q9,fslot_mlp,native_mlp,4,L4,6.825373,2.520791,False,False,False
PT-OOD,Probe-OOD,PT-OOD / Probe-OOD,uber_tlc_hourly,coastal_ts,uber_tlc_hourly,uber_tlc_hourly:validation,uber_tlc_hourly:validation,12,13,L12+LN,q9,fslot_mlp,native_mlp,5,L5,7.18439,2.61574,False,False,False
PT-OOD,Probe-OOD,PT-OOD / Probe-OOD,uber_tlc_hourly,coastal_ts,uber_tlc_hourly,uber_tlc_hourly:validation,uber_tlc_hourly:validation,12,13,L12+LN,q9,fslot_mlp,native_mlp,6,L6,6.933209,2.53185,False,False,False
PT-OOD,Probe-OOD,PT-OOD / Probe-OOD,uber_tlc_hourly,coastal_ts,uber_tlc_hourly,uber_tlc_hourly:validation,uber_tlc_hourly:validation,12,13,L12+LN,q9,fslot_mlp,native_mlp,7,L7,6.986953,2.563487,False,False,False
PT-OOD,Probe-OOD,PT-OOD / Probe-OOD,uber_tlc_hourly,coastal_ts,uber_tlc_hourly,uber_tlc_hourly:validation,uber_tlc_hourly:validation,12,13,L12+LN,q9,fslot_mlp,native_mlp,8,L8,7.237915,2.471052,False,False,False
PT-OOD,Probe-OOD,PT-OOD / Probe-OOD,uber_tlc_hourly,coastal_ts,uber_tlc_hourly,uber_tlc_hourly:validation,uber_tlc_hourly:validation,12,13,L12+LN,q9,fslot_mlp,native_mlp,9,L9,6.893184,2.358411,False,False,False
PT-OOD,Probe-OOD,PT-OOD / Probe-OOD,uber_tlc_hourly,coastal_ts,uber_tlc_hourly,uber_tlc_hourly:validation,uber_tlc_hourly:validation,12,13,L12+LN,q9,fslot_mlp,native_mlp,10,L10,6.426359,2.283396,False,False,False
PT-OOD,Probe-OOD,PT-OOD / Probe-OOD,uber_tlc_hourly,coastal_ts,uber_tlc_hourly,uber_tlc_hourly:validation,uber_tlc_hourly:validation,12,13,L12+LN,q9,fslot_mlp,native_mlp,11,L11,5.80306,2.39848,False,False,False
PT-OOD,Probe-OOD,PT-OOD / Probe-OOD,uber_tlc_hourly,coastal_ts,uber_tlc_hourly,uber_tlc_hourly:validation,uber_tlc_hourly:validation,12,13,L12+LN,q9,fslot_mlp,native_mlp,12,L12,5.263691,2.020105,False,False,True
PT-OOD,Probe-OOD,PT-OOD / Probe-OOD,uber_tlc_hourly,coastal_ts,uber_tlc_hourly,uber_tlc_hourly:validation,uber_tlc_hourly:validation,12,13,L12+LN,q9,fslot_mlp,native_mlp,13,L12+LN,5.42536,1.994382,True,True,True
PT-OOD,Probe-OOD,PT-OOD / Probe-OOD,uber_tlc_hourly,boom_hourly,uber_tlc_hourly,uber_tlc_hourly:validation,uber_tlc_hourly:validation,12,13,L12+LN,q9,fslot_mlp,native_mlp,0,Emb,5.45257,2.416762,False,False,False
PT-OOD,Probe-OOD,PT-OOD / Probe-OOD,uber_tlc_hourly,boom_hourly,uber_tlc_hourly,uber_tlc_hourly:validation,uber_tlc_hourly:validation,12,13,L12+LN,q9,fslot_mlp,native_mlp,1,L1,5.321408,3.901534,False,False,False
PT-OOD,Probe-OOD,PT-OOD / Probe-OOD,uber_tlc_hourly,boom_hourly,uber_tlc_hourly,uber_tlc_hourly:validation,uber_tlc_hourly:validation,12,13,L12+LN,q9,fslot_mlp,native_mlp,2,L2,5.091542,2.67851,False,False,False
PT-OOD,Probe-OOD,PT-OOD / Probe-OOD,uber_tlc_hourly,boom_hourly,uber_tlc_hourly,uber_tlc_hourly:validation,uber_tlc_hourly:validation,12,13,L12+LN,q9,fslot_mlp,native_mlp,3,L3,5.084521,2.503937,False,False,False
PT-OOD,Probe-OOD,PT-OOD / Probe-OOD,uber_tlc_hourly,boom_hourly,uber_tlc_hourly,uber_tlc_hourly:validation,uber_tlc_hourly:validation,12,13,L12+LN,q9,fslot_mlp,native_mlp,4,L4,4.78049,2.309319,False,False,False
PT-OOD,Probe-OOD,PT-OOD / Probe-OOD,uber_tlc_hourly,boom_hourly,uber_tlc_hourly,uber_tlc_hourly:validation,uber_tlc_hourly:validation,12,13,L12+LN,q9,fslot_mlp,native_mlp,5,L5,4.820237,2.321898,False,False,False
PT-OOD,Probe-OOD,PT-OOD / Probe-OOD,uber_tlc_hourly,boom_hourly,uber_tlc_hourly,uber_tlc_hourly:validation,uber_tlc_hourly:validation,12,13,L12+LN,q9,fslot_mlp,native_mlp,6,L6,4.672449,2.142339,False,False,False
PT-OOD,Probe-OOD,PT-OOD / Probe-OOD,uber_tlc_hourly,boom_hourly,uber_tlc_hourly,uber_tlc_hourly:validation,uber_tlc_hourly:validation,12,13,L12+LN,q9,fslot_mlp,native_mlp,7,L7,4.564367,2.138064,False,False,False
PT-OOD,Probe-OOD,PT-OOD / Probe-OOD,uber_tlc_hourly,boom_hourly,uber_tlc_hourly,uber_tlc_hourly:validation,uber_tlc_hourly:validation,12,13,L12+LN,q9,fslot_mlp,native_mlp,8,L8,4.69187,2.076166,False,False,False
PT-OOD,Probe-OOD,PT-OOD / Probe-OOD,uber_tlc_hourly,boom_hourly,uber_tlc_hourly,uber_tlc_hourly:validation,uber_tlc_hourly:validation,12,13,L12+LN,q9,fslot_mlp,native_mlp,9,L9,4.308291,1.961059,False,False,False
PT-OOD,Probe-OOD,PT-OOD / Probe-OOD,uber_tlc_hourly,boom_hourly,uber_tlc_hourly,uber_tlc_hourly:validation,uber_tlc_hourly:validation,12,13,L12+LN,q9,fslot_mlp,native_mlp,10,L10,4.515844,2.52751,False,False,False
PT-OOD,Probe-OOD,PT-OOD / Probe-OOD,uber_tlc_hourly,boom_hourly,uber_tlc_hourly,uber_tlc_hourly:validation,uber_tlc_hourly:validation,12,13,L12+LN,q9,fslot_mlp,native_mlp,11,L11,4.284555,2.404403,False,False,False
PT-OOD,Probe-OOD,PT-OOD / Probe-OOD,uber_tlc_hourly,boom_hourly,uber_tlc_hourly,uber_tlc_hourly:validation,uber_tlc_hourly:validation,12,13,L12+LN,q9,fslot_mlp,native_mlp,12,L12,3.878228,2.266037,False,False,True
PT-OOD,Probe-OOD,PT-OOD / Probe-OOD,uber_tlc_hourly,boom_hourly,uber_tlc_hourly,uber_tlc_hourly:validation,uber_tlc_hourly:validation,12,13,L12+LN,q9,fslot_mlp,native_mlp,13,L12+LN,3.532044,1.813921,True,True,True
PT-OOD,Probe-OOD,PT-OOD / Probe-OOD,m4_hourly,sg_carpark,m4_hourly,m4_hourly:validation,m4_hourly:validation,2,3,L12+LN,q9,fslot_mlp,native_mlp,0,Emb,6.636573,2.795484,False,False,False
PT-OOD,Probe-OOD,PT-OOD / Probe-OOD,m4_hourly,sg_carpark,m4_hourly,m4_hourly:validation,m4_hourly:validation,2,3,L12+LN,q9,fslot_mlp,native_mlp,1,L1,3.914901,1.829868,False,False,False
PT-OOD,Probe-OOD,PT-OOD / Probe-OOD,m4_hourly,sg_carpark,m4_hourly,m4_hourly:validation,m4_hourly:validation,2,3,L12+LN,q9,fslot_mlp,native_mlp,2,L2,3.530963,1.581839,False,False,True
PT-OOD,Probe-OOD,PT-OOD / Probe-OOD,m4_hourly,sg_carpark,m4_hourly,m4_hourly:validation,m4_hourly:validation,2,3,L12+LN,q9,fslot_mlp,native_mlp,3,L3,2.904235,1.336433,True,False,True
PT-OOD,Probe-OOD,PT-OOD / Probe-OOD,m4_hourly,sg_carpark,m4_hourly,m4_hourly:validation,m4_hourly:validation,2,3,L12+LN,q9,fslot_mlp,native_mlp,4,L4,2.671824,1.227249,False,False,True
PT-OOD,Probe-OOD,PT-OOD / Probe-OOD,m4_hourly,sg_carpark,m4_hourly,m4_hourly:validation,m4_hourly:validation,2,3,L12+LN,q9,fslot_mlp,native_mlp,5,L5,2.783426,1.255679,False,False,True
PT-OOD,Probe-OOD,PT-OOD / Probe-OOD,m4_hourly,sg_carpark,m4_hourly,m4_hourly:validation,m4_hourly:validation,2,3,L12+LN,q9,fslot_mlp,native_mlp,6,L6,2.735277,1.228312,False,False,True
PT-OOD,Probe-OOD,PT-OOD / Probe-OOD,m4_hourly,sg_carpark,m4_hourly,m4_hourly:validation,m4_hourly:validation,2,3,L12+LN,q9,fslot_mlp,native_mlp,7,L7,2.730276,1.270267,False,False,True
PT-OOD,Probe-OOD,PT-OOD / Probe-OOD,m4_hourly,sg_carpark,m4_hourly,m4_hourly:validation,m4_hourly:validation,2,3,L12+LN,q9,fslot_mlp,native_mlp,8,L8,2.697209,1.220919,False,False,True
PT-OOD,Probe-OOD,PT-OOD / Probe-OOD,m4_hourly,sg_carpark,m4_hourly,m4_hourly:validation,m4_hourly:validation,2,3,L12+LN,q9,fslot_mlp,native_mlp,9,L9,2.632954,1.170467,False,False,True
PT-OOD,Probe-OOD,PT-OOD / Probe-OOD,m4_hourly,sg_carpark,m4_hourly,m4_hourly:validation,m4_hourly:validation,2,3,L12+LN,q9,fslot_mlp,native_mlp,10,L10,2.693422,1.195165,False,False,True
PT-OOD,Probe-OOD,PT-OOD / Probe-OOD,m4_hourly,sg_carpark,m4_hourly,m4_hourly:validation,m4_hourly:validation,2,3,L12+LN,q9,fslot_mlp,native_mlp,11,L11,2.741896,1.3004,False,False,True
PT-OOD,Probe-OOD,PT-OOD / Probe-OOD,m4_hourly,sg_carpark,m4_hourly,m4_hourly:validation,m4_hourly:validation,2,3,L12+LN,q9,fslot_mlp,native_mlp,12,L12,2.842745,1.282925,False,False,True
PT-OOD,Probe-OOD,PT-OOD / Probe-OOD,m4_hourly,sg_carpark,m4_hourly,m4_hourly:validation,m4_hourly:validation,2,3,L12+LN,q9,fslot_mlp,native_mlp,13,L12+LN,2.786318,1.307914,False,True,True
PT-OOD,Probe-OOD,PT-OOD / Probe-OOD,m4_hourly,coastal_ts,m4_hourly,m4_hourly:validation,m4_hourly:validation,2,3,L12+LN,q9,fslot_mlp,native_mlp,0,Emb,6.974372,2.535264,False,False,False
PT-OOD,Probe-OOD,PT-OOD / Probe-OOD,m4_hourly,coastal_ts,m4_hourly,m4_hourly:validation,m4_hourly:validation,2,3,L12+LN,q9,fslot_mlp,native_mlp,1,L1,8.289258,6.791936,False,False,False
PT-OOD,Probe-OOD,PT-OOD / Probe-OOD,m4_hourly,coastal_ts,m4_hourly,m4_hourly:validation,m4_hourly:validation,2,3,L12+LN,q9,fslot_mlp,native_mlp,2,L2,5.733992,2.56746,False,False,True
PT-OOD,Probe-OOD,PT-OOD / Probe-OOD,m4_hourly,coastal_ts,m4_hourly,m4_hourly:validation,m4_hourly:validation,2,3,L12+LN,q9,fslot_mlp,native_mlp,3,L3,5.483702,2.086681,True,False,True
PT-OOD,Probe-OOD,PT-OOD / Probe-OOD,m4_hourly,coastal_ts,m4_hourly,m4_hourly:validation,m4_hourly:validation,2,3,L12+LN,q9,fslot_mlp,native_mlp,4,L4,5.154018,1.869672,False,False,True
PT-OOD,Probe-OOD,PT-OOD / Probe-OOD,m4_hourly,coastal_ts,m4_hourly,m4_hourly:validation,m4_hourly:validation,2,3,L12+LN,q9,fslot_mlp,native_mlp,5,L5,5.316103,1.797874,False,False,True
PT-OOD,Probe-OOD,PT-OOD / Probe-OOD,m4_hourly,coastal_ts,m4_hourly,m4_hourly:validation,m4_hourly:validation,2,3,L12+LN,q9,fslot_mlp,native_mlp,6,L6,5.267548,1.778539,False,False,True
PT-OOD,Probe-OOD,PT-OOD / Probe-OOD,m4_hourly,coastal_ts,m4_hourly,m4_hourly:validation,m4_hourly:validation,2,3,L12+LN,q9,fslot_mlp,native_mlp,7,L7,5.220638,1.762997,False,False,True
PT-OOD,Probe-OOD,PT-OOD / Probe-OOD,m4_hourly,coastal_ts,m4_hourly,m4_hourly:validation,m4_hourly:validation,2,3,L12+LN,q9,fslot_mlp,native_mlp,8,L8,5.200213,1.740664,False,False,True
PT-OOD,Probe-OOD,PT-OOD / Probe-OOD,m4_hourly,coastal_ts,m4_hourly,m4_hourly:validation,m4_hourly:validation,2,3,L12+LN,q9,fslot_mlp,native_mlp,9,L9,4.898847,1.717456,False,False,True
PT-OOD,Probe-OOD,PT-OOD / Probe-OOD,m4_hourly,coastal_ts,m4_hourly,m4_hourly:validation,m4_hourly:validation,2,3,L12+LN,q9,fslot_mlp,native_mlp,10,L10,4.881463,1.693516,False,False,True
PT-OOD,Probe-OOD,PT-OOD / Probe-OOD,m4_hourly,coastal_ts,m4_hourly,m4_hourly:validation,m4_hourly:validation,2,3,L12+LN,q9,fslot_mlp,native_mlp,11,L11,4.773528,1.649937,False,False,True
PT-OOD,Probe-OOD,PT-OOD / Probe-OOD,m4_hourly,coastal_ts,m4_hourly,m4_hourly:validation,m4_hourly:validation,2,3,L12+LN,q9,fslot_mlp,native_mlp,12,L12,5.107206,1.742286,False,False,True
PT-OOD,Probe-OOD,PT-OOD / Probe-OOD,m4_hourly,coastal_ts,m4_hourly,m4_hourly:validation,m4_hourly:validation,2,3,L12+LN,q9,fslot_mlp,native_mlp,13,L12+LN,4.773664,1.711768,False,True,True
PT-OOD,Probe-OOD,PT-OOD / Probe-OOD,m4_hourly,boom_hourly,m4_hourly,m4_hourly:validation,m4_hourly:validation,2,3,L12+LN,q9,fslot_mlp,native_mlp,0,Emb,5.21682,2.486195,False,False,False
PT-OOD,Probe-OOD,PT-OOD / Probe-OOD,m4_hourly,boom_hourly,m4_hourly,m4_hourly:validation,m4_hourly:validation,2,3,L12+LN,q9,fslot_mlp,native_mlp,1,L1,7.316407,7.392034,False,False,False
PT-OOD,Probe-OOD,PT-OOD / Probe-OOD,m4_hourly,boom_hourly,m4_hourly,m4_hourly:validation,m4_hourly:validation,2,3,L12+LN,q9,fslot_mlp,native_mlp,2,L2,5.329037,3.308542,False,False,True
PT-OOD,Probe-OOD,PT-OOD / Probe-OOD,m4_hourly,boom_hourly,m4_hourly,m4_hourly:validation,m4_hourly:validation,2,3,L12+LN,q9,fslot_mlp,native_mlp,3,L3,4.566559,2.491209,True,False,True
PT-OOD,Probe-OOD,PT-OOD / Probe-OOD,m4_hourly,boom_hourly,m4_hourly,m4_hourly:validation,m4_hourly:validation,2,3,L12+LN,q9,fslot_mlp,native_mlp,4,L4,3.990825,2.030625,False,False,True
PT-OOD,Probe-OOD,PT-OOD / Probe-OOD,m4_hourly,boom_hourly,m4_hourly,m4_hourly:validation,m4_hourly:validation,2,3,L12+LN,q9,fslot_mlp,native_mlp,5,L5,4.059255,2.075454,False,False,True
PT-OOD,Probe-OOD,PT-OOD / Probe-OOD,m4_hourly,boom_hourly,m4_hourly,m4_hourly:validation,m4_hourly:validation,2,3,L12+LN,q9,fslot_mlp,native_mlp,6,L6,3.92181,1.980998,False,False,True
PT-OOD,Probe-OOD,PT-OOD / Probe-OOD,m4_hourly,boom_hourly,m4_hourly,m4_hourly:validation,m4_hourly:validation,2,3,L12+LN,q9,fslot_mlp,native_mlp,7,L7,3.827618,1.888061,False,False,True
PT-OOD,Probe-OOD,PT-OOD / Probe-OOD,m4_hourly,boom_hourly,m4_hourly,m4_hourly:validation,m4_hourly:validation,2,3,L12+LN,q9,fslot_mlp,native_mlp,8,L8,3.879338,1.928866,False,False,True
PT-OOD,Probe-OOD,PT-OOD / Probe-OOD,m4_hourly,boom_hourly,m4_hourly,m4_hourly:validation,m4_hourly:validation,2,3,L12+LN,q9,fslot_mlp,native_mlp,9,L9,3.569241,1.881807,False,False,True
PT-OOD,Probe-OOD,PT-OOD / Probe-OOD,m4_hourly,boom_hourly,m4_hourly,m4_hourly:validation,m4_hourly:validation,2,3,L12+LN,q9,fslot_mlp,native_mlp,10,L10,4.679547,10.729684,False,False,True
PT-OOD,Probe-OOD,PT-OOD / Probe-OOD,m4_hourly,boom_hourly,m4_hourly,m4_hourly:validation,m4_hourly:validation,2,3,L12+LN,q9,fslot_mlp,native_mlp,11,L11,5.881532,2521.241824,False,False,True
PT-OOD,Probe-OOD,PT-OOD / Probe-OOD,m4_hourly,boom_hourly,m4_hourly,m4_hourly:validation,m4_hourly:validation,2,3,L12+LN,q9,fslot_mlp,native_mlp,12,L12,7.270114,69.561509,False,False,True
PT-OOD,Probe-OOD,PT-OOD / Probe-OOD,m4_hourly,boom_hourly,m4_hourly,m4_hourly:validation,m4_hourly:validation,2,3,L12+LN,q9,fslot_mlp,native_mlp,13,L12+LN,4.406535,2.409034,False,True,True
PT-OOD,Probe-OOD,PT-OOD / Probe-OOD,wind_farms_hourly,sg_carpark,wind_farms_hourly,wind_farms_hourly:validation,wind_farms_hourly:validation,1,5,L12+LN,q9,fslot_mlp,native_mlp,0,Emb,6.179328,2.582415,False,False,False
PT-OOD,Probe-OOD,PT-OOD / Probe-OOD,wind_farms_hourly,sg_carpark,wind_farms_hourly,wind_farms_hourly:validation,wind_farms_hourly:validation,1,5,L12+LN,q9,fslot_mlp,native_mlp,1,L1,3.955937,1.815927,False,False,True
PT-OOD,Probe-OOD,PT-OOD / Probe-OOD,wind_farms_hourly,sg_carpark,wind_farms_hourly,wind_farms_hourly:validation,wind_farms_hourly:validation,1,5,L12+LN,q9,fslot_mlp,native_mlp,2,L2,3.559738,1.569732,False,False,True
PT-OOD,Probe-OOD,PT-OOD / Probe-OOD,wind_farms_hourly,sg_carpark,wind_farms_hourly,wind_farms_hourly:validation,wind_farms_hourly:validation,1,5,L12+LN,q9,fslot_mlp,native_mlp,3,L3,3.159961,1.4807,False,False,True
PT-OOD,Probe-OOD,PT-OOD / Probe-OOD,wind_farms_hourly,sg_carpark,wind_farms_hourly,wind_farms_hourly:validation,wind_farms_hourly:validation,1,5,L12+LN,q9,fslot_mlp,native_mlp,4,L4,3.065767,1.513898,False,False,True
PT-OOD,Probe-OOD,PT-OOD / Probe-OOD,wind_farms_hourly,sg_carpark,wind_farms_hourly,wind_farms_hourly:validation,wind_farms_hourly:validation,1,5,L12+LN,q9,fslot_mlp,native_mlp,5,L5,2.707577,1.28644,True,False,True
PT-OOD,Probe-OOD,PT-OOD / Probe-OOD,wind_farms_hourly,sg_carpark,wind_farms_hourly,wind_farms_hourly:validation,wind_farms_hourly:validation,1,5,L12+LN,q9,fslot_mlp,native_mlp,6,L6,2.736352,1.199789,False,False,True
PT-OOD,Probe-OOD,PT-OOD / Probe-OOD,wind_farms_hourly,sg_carpark,wind_farms_hourly,wind_farms_hourly:validation,wind_farms_hourly:validation,1,5,L12+LN,q9,fslot_mlp,native_mlp,7,L7,2.953335,1.366113,False,False,True
PT-OOD,Probe-OOD,PT-OOD / Probe-OOD,wind_farms_hourly,sg_carpark,wind_farms_hourly,wind_farms_hourly:validation,wind_farms_hourly:validation,1,5,L12+LN,q9,fslot_mlp,native_mlp,8,L8,2.93895,1.357638,False,False,True
PT-OOD,Probe-OOD,PT-OOD / Probe-OOD,wind_farms_hourly,sg_carpark,wind_farms_hourly,wind_farms_hourly:validation,wind_farms_hourly:validation,1,5,L12+LN,q9,fslot_mlp,native_mlp,9,L9,2.869951,1.328405,False,False,True
PT-OOD,Probe-OOD,PT-OOD / Probe-OOD,wind_farms_hourly,sg_carpark,wind_farms_hourly,wind_farms_hourly:validation,wind_farms_hourly:validation,1,5,L12+LN,q9,fslot_mlp,native_mlp,10,L10,2.805655,1.383761,False,False,True
PT-OOD,Probe-OOD,PT-OOD / Probe-OOD,wind_farms_hourly,sg_carpark,wind_farms_hourly,wind_farms_hourly:validation,wind_farms_hourly:validation,1,5,L12+LN,q9,fslot_mlp,native_mlp,11,L11,2.889646,1.350774,False,False,True
PT-OOD,Probe-OOD,PT-OOD / Probe-OOD,wind_farms_hourly,sg_carpark,wind_farms_hourly,wind_farms_hourly:validation,wind_farms_hourly:validation,1,5,L12+LN,q9,fslot_mlp,native_mlp,12,L12,2.989886,1.387962,False,False,True
PT-OOD,Probe-OOD,PT-OOD / Probe-OOD,wind_farms_hourly,sg_carpark,wind_farms_hourly,wind_farms_hourly:validation,wind_farms_hourly:validation,1,5,L12+LN,q9,fslot_mlp,native_mlp,13,L12+LN,2.582205,1.148014,False,True,True
PT-OOD,Probe-OOD,PT-OOD / Probe-OOD,wind_farms_hourly,coastal_ts,wind_farms_hourly,wind_farms_hourly:validation,wind_farms_hourly:validation,1,5,L12+LN,q9,fslot_mlp,native_mlp,0,Emb,7.056983,2.588428,False,False,False
PT-OOD,Probe-OOD,PT-OOD / Probe-OOD,wind_farms_hourly,coastal_ts,wind_farms_hourly,wind_farms_hourly:validation,wind_farms_hourly:validation,1,5,L12+LN,q9,fslot_mlp,native_mlp,1,L1,4.8099,1.691859,False,False,True
PT-OOD,Probe-OOD,PT-OOD / Probe-OOD,wind_farms_hourly,coastal_ts,wind_farms_hourly,wind_farms_hourly:validation,wind_farms_hourly:validation,1,5,L12+LN,q9,fslot_mlp,native_mlp,2,L2,4.868352,1.699536,False,False,True
PT-OOD,Probe-OOD,PT-OOD / Probe-OOD,wind_farms_hourly,coastal_ts,wind_farms_hourly,wind_farms_hourly:validation,wind_farms_hourly:validation,1,5,L12+LN,q9,fslot_mlp,native_mlp,3,L3,4.745098,1.687958,False,False,True
PT-OOD,Probe-OOD,PT-OOD / Probe-OOD,wind_farms_hourly,coastal_ts,wind_farms_hourly,wind_farms_hourly:validation,wind_farms_hourly:validation,1,5,L12+LN,q9,fslot_mlp,native_mlp,4,L4,5.189182,1.760644,False,False,True
PT-OOD,Probe-OOD,PT-OOD / Probe-OOD,wind_farms_hourly,coastal_ts,wind_farms_hourly,wind_farms_hourly:validation,wind_farms_hourly:validation,1,5,L12+LN,q9,fslot_mlp,native_mlp,5,L5,5.294896,1.697211,True,False,True
PT-OOD,Probe-OOD,PT-OOD / Probe-OOD,wind_farms_hourly,coastal_ts,wind_farms_hourly,wind_farms_hourly:validation,wind_farms_hourly:validation,1,5,L12+LN,q9,fslot_mlp,native_mlp,6,L6,5.045141,1.608345,False,False,True
PT-OOD,Probe-OOD,PT-OOD / Probe-OOD,wind_farms_hourly,coastal_ts,wind_farms_hourly,wind_farms_hourly:validation,wind_farms_hourly:validation,1,5,L12+LN,q9,fslot_mlp,native_mlp,7,L7,5.004961,1.586037,False,False,True
PT-OOD,Probe-OOD,PT-OOD / Probe-OOD,wind_farms_hourly,coastal_ts,wind_farms_hourly,wind_farms_hourly:validation,wind_farms_hourly:validation,1,5,L12+LN,q9,fslot_mlp,native_mlp,8,L8,5.155448,1.691397,False,False,True
PT-OOD,Probe-OOD,PT-OOD / Probe-OOD,wind_farms_hourly,coastal_ts,wind_farms_hourly,wind_farms_hourly:validation,wind_farms_hourly:validation,1,5,L12+LN,q9,fslot_mlp,native_mlp,9,L9,5.025569,1.625594,False,False,True
PT-OOD,Probe-OOD,PT-OOD / Probe-OOD,wind_farms_hourly,coastal_ts,wind_farms_hourly,wind_farms_hourly:validation,wind_farms_hourly:validation,1,5,L12+LN,q9,fslot_mlp,native_mlp,10,L10,4.758814,1.58849,False,False,True
PT-OOD,Probe-OOD,PT-OOD / Probe-OOD,wind_farms_hourly,coastal_ts,wind_farms_hourly,wind_farms_hourly:validation,wind_farms_hourly:validation,1,5,L12+LN,q9,fslot_mlp,native_mlp,11,L11,4.486482,1.530843,False,False,True
PT-OOD,Probe-OOD,PT-OOD / Probe-OOD,wind_farms_hourly,coastal_ts,wind_farms_hourly,wind_farms_hourly:validation,wind_farms_hourly:validation,1,5,L12+LN,q9,fslot_mlp,native_mlp,12,L12,4.454034,1.641994,False,False,True
PT-OOD,Probe-OOD,PT-OOD / Probe-OOD,wind_farms_hourly,coastal_ts,wind_farms_hourly,wind_farms_hourly:validation,wind_farms_hourly:validation,1,5,L12+LN,q9,fslot_mlp,native_mlp,13,L12+LN,4.364968,1.496409,False,True,True
PT-OOD,Probe-OOD,PT-OOD / Probe-OOD,wind_farms_hourly,boom_hourly,wind_farms_hourly,wind_farms_hourly:validation,wind_farms_hourly:validation,1,5,L12+LN,q9,fslot_mlp,native_mlp,0,Emb,4.763153,2.260483,False,False,False
PT-OOD,Probe-OOD,PT-OOD / Probe-OOD,wind_farms_hourly,boom_hourly,wind_farms_hourly,wind_farms_hourly:validation,wind_farms_hourly:validation,1,5,L12+LN,q9,fslot_mlp,native_mlp,1,L1,3.486885,1.73454,False,False,True
PT-OOD,Probe-OOD,PT-OOD / Probe-OOD,wind_farms_hourly,boom_hourly,wind_farms_hourly,wind_farms_hourly:validation,wind_farms_hourly:validation,1,5,L12+LN,q9,fslot_mlp,native_mlp,2,L2,3.634362,1.741397,False,False,True
PT-OOD,Probe-OOD,PT-OOD / Probe-OOD,wind_farms_hourly,boom_hourly,wind_farms_hourly,wind_farms_hourly:validation,wind_farms_hourly:validation,1,5,L12+LN,q9,fslot_mlp,native_mlp,3,L3,3.722005,1.875917,False,False,True
PT-OOD,Probe-OOD,PT-OOD / Probe-OOD,wind_farms_hourly,boom_hourly,wind_farms_hourly,wind_farms_hourly:validation,wind_farms_hourly:validation,1,5,L12+LN,q9,fslot_mlp,native_mlp,4,L4,3.784959,1.771629,False,False,True
PT-OOD,Probe-OOD,PT-OOD / Probe-OOD,wind_farms_hourly,boom_hourly,wind_farms_hourly,wind_farms_hourly:validation,wind_farms_hourly:validation,1,5,L12+LN,q9,fslot_mlp,native_mlp,5,L5,3.483501,1.578868,True,False,True
PT-OOD,Probe-OOD,PT-OOD / Probe-OOD,wind_farms_hourly,boom_hourly,wind_farms_hourly,wind_farms_hourly:validation,wind_farms_hourly:validation,1,5,L12+LN,q9,fslot_mlp,native_mlp,6,L6,3.445135,1.540852,False,False,True
PT-OOD,Probe-OOD,PT-OOD / Probe-OOD,wind_farms_hourly,boom_hourly,wind_farms_hourly,wind_farms_hourly:validation,wind_farms_hourly:validation,1,5,L12+LN,q9,fslot_mlp,native_mlp,7,L7,3.328898,1.528049,False,False,True
PT-OOD,Probe-OOD,PT-OOD / Probe-OOD,wind_farms_hourly,boom_hourly,wind_farms_hourly,wind_farms_hourly:validation,wind_farms_hourly:validation,1,5,L12+LN,q9,fslot_mlp,native_mlp,8,L8,3.497036,1.532062,False,False,True
PT-OOD,Probe-OOD,PT-OOD / Probe-OOD,wind_farms_hourly,boom_hourly,wind_farms_hourly,wind_farms_hourly:validation,wind_farms_hourly:validation,1,5,L12+LN,q9,fslot_mlp,native_mlp,9,L9,3.581014,1.603215,False,False,True
PT-OOD,Probe-OOD,PT-OOD / Probe-OOD,wind_farms_hourly,boom_hourly,wind_farms_hourly,wind_farms_hourly:validation,wind_farms_hourly:validation,1,5,L12+LN,q9,fslot_mlp,native_mlp,10,L10,3.533878,1.823905,False,False,True
PT-OOD,Probe-OOD,PT-OOD / Probe-OOD,wind_farms_hourly,boom_hourly,wind_farms_hourly,wind_farms_hourly:validation,wind_farms_hourly:validation,1,5,L12+LN,q9,fslot_mlp,native_mlp,11,L11,3.356646,1.718211,False,False,True
PT-OOD,Probe-OOD,PT-OOD / Probe-OOD,wind_farms_hourly,boom_hourly,wind_farms_hourly,wind_farms_hourly:validation,wind_farms_hourly:validation,1,5,L12+LN,q9,fslot_mlp,native_mlp,12,L12,3.256308,1.716719,False,False,True
PT-OOD,Probe-OOD,PT-OOD / Probe-OOD,wind_farms_hourly,boom_hourly,wind_farms_hourly,wind_farms_hourly:validation,wind_farms_hourly:validation,1,5,L12+LN,q9,fslot_mlp,native_mlp,13,L12+LN,2.887062,1.408038,False,True,True
