dataset,kind,condition,layer,layer_label,mase,mase_ci_lo,mase_ci_hi,relative_regret_mase,wql,relative_regret_wql
monash_electricity_hourly,PT-ID,native,13,L12+RMS,0.836712,0.781273,0.895409,0.0,1.161397,0.0
monash_electricity_hourly,PT-ID,zero_shot,0,Emb,2.523544,2.400331,2.644681,2.016024,4.059079,2.494998
monash_electricity_hourly,PT-ID,zero_shot,1,L1,2.527061,2.40128,2.652183,2.020227,4.264163,2.671581
monash_electricity_hourly,PT-ID,zero_shot,2,L2,2.491357,2.368095,2.613427,1.977555,4.373246,2.765506
monash_electricity_hourly,PT-ID,zero_shot,3,L3,2.221896,2.113987,2.330832,1.655508,3.887497,2.34726
monash_electricity_hourly,PT-ID,zero_shot,4,L4,1.978005,1.882876,2.072851,1.364021,3.410919,1.936911
monash_electricity_hourly,PT-ID,zero_shot,5,L5,1.473056,1.403903,1.542319,0.760528,2.417843,1.081841
monash_electricity_hourly,PT-ID,zero_shot,6,L6,1.290835,1.231437,1.352462,0.542747,2.078144,0.789349
monash_electricity_hourly,PT-ID,zero_shot,7,L7,1.055245,1.003594,1.111048,0.26118,1.772282,0.525992
monash_electricity_hourly,PT-ID,zero_shot,8,L8,1.045351,0.992248,1.102004,0.249356,1.706653,0.469484
monash_electricity_hourly,PT-ID,zero_shot,9,L9,1.124737,1.067339,1.185963,0.344234,2.20557,0.899067
monash_electricity_hourly,PT-ID,zero_shot,10,L10,1.247664,1.182069,1.318808,0.49115,2.736967,1.356617
monash_electricity_hourly,PT-ID,zero_shot,11,L11,1.520861,1.442855,1.601023,0.817663,3.523905,2.034195
monash_electricity_hourly,PT-ID,zero_shot,12,L12,0.836712,0.781273,0.895409,0.0,1.161397,0.0
monash_electricity_hourly,PT-ID,zero_shot,13,L12+RMS,0.836712,0.781273,0.895409,0.0,1.161397,0.0
monash_electricity_hourly,PT-ID,linear_adapter,0,Emb,2.477272,2.359179,2.59397,1.960721,3.67702,2.166033
monash_electricity_hourly,PT-ID,linear_adapter,1,L1,1.870662,1.791208,1.951081,1.235729,2.718654,1.340849
monash_electricity_hourly,PT-ID,linear_adapter,2,L2,1.13292,1.085397,1.18263,0.354014,1.715428,0.477038
monash_electricity_hourly,PT-ID,linear_adapter,3,L3,0.908774,0.860187,0.962738,0.086125,1.372085,0.181409
monash_electricity_hourly,PT-ID,linear_adapter,4,L4,0.936006,0.885467,0.991733,0.118671,1.414598,0.218015
monash_electricity_hourly,PT-ID,linear_adapter,5,L5,0.935218,0.884393,0.990469,0.11773,1.380198,0.188395
monash_electricity_hourly,PT-ID,linear_adapter,6,L6,0.951587,0.900147,1.007316,0.137293,1.394608,0.200802
monash_electricity_hourly,PT-ID,linear_adapter,7,L7,0.967249,0.91545,1.022598,0.156011,1.427193,0.228859
monash_electricity_hourly,PT-ID,linear_adapter,8,L8,0.971186,0.917569,1.02893,0.160717,1.459901,0.257022
monash_electricity_hourly,PT-ID,linear_adapter,9,L9,0.963548,0.910154,1.021732,0.151588,1.377049,0.185684
monash_electricity_hourly,PT-ID,linear_adapter,10,L10,0.958749,0.905321,1.016224,0.145852,1.371346,0.180773
monash_electricity_hourly,PT-ID,linear_adapter,11,L11,0.947221,0.894312,1.004723,0.132074,1.446426,0.24542
monash_electricity_hourly,PT-ID,linear_adapter,12,L12,0.853181,0.799795,0.911058,0.019683,1.282172,0.103991
monash_electricity_hourly,PT-ID,linear_adapter,13,L12+RMS,0.836712,0.781273,0.895409,0.0,1.161397,0.0
uber_tlc_hourly,PT-ID,native,13,L12+RMS,0.805776,0.770208,0.84448,0.0,4.193908,0.0
uber_tlc_hourly,PT-ID,zero_shot,0,Emb,1.341699,1.276111,1.40766,0.665101,8.948796,1.133761
uber_tlc_hourly,PT-ID,zero_shot,1,L1,1.329477,1.259393,1.400852,0.649934,9.366387,1.233331
uber_tlc_hourly,PT-ID,zero_shot,2,L2,1.303658,1.234283,1.374754,0.617892,9.341968,1.227509
uber_tlc_hourly,PT-ID,zero_shot,3,L3,1.258932,1.194334,1.325036,0.562384,8.907927,1.124016
uber_tlc_hourly,PT-ID,zero_shot,4,L4,1.193092,1.135486,1.253331,0.480674,8.21458,0.958693
uber_tlc_hourly,PT-ID,zero_shot,5,L5,1.109737,1.058356,1.16418,0.377227,6.997762,0.668554
uber_tlc_hourly,PT-ID,zero_shot,6,L6,1.066211,1.016412,1.120113,0.32321,6.63298,0.581575
uber_tlc_hourly,PT-ID,zero_shot,7,L7,0.981175,0.937709,1.030172,0.217677,5.78831,0.380171
uber_tlc_hourly,PT-ID,zero_shot,8,L8,0.987733,0.93775,1.044494,0.225815,5.789331,0.380414
uber_tlc_hourly,PT-ID,zero_shot,9,L9,0.951666,0.909686,1.000261,0.181055,5.554014,0.324305
uber_tlc_hourly,PT-ID,zero_shot,10,L10,0.891868,0.855213,0.931045,0.106843,5.746065,0.370098
uber_tlc_hourly,PT-ID,zero_shot,11,L11,0.94909,0.911249,0.990001,0.177859,6.315517,0.505879
uber_tlc_hourly,PT-ID,zero_shot,12,L12,0.805776,0.770208,0.84448,0.0,4.193908,0.0
uber_tlc_hourly,PT-ID,zero_shot,13,L12+RMS,0.805776,0.770208,0.84448,0.0,4.193908,0.0
uber_tlc_hourly,PT-ID,linear_adapter,0,Emb,1.315966,1.245916,1.388384,0.633166,8.271636,0.972298
uber_tlc_hourly,PT-ID,linear_adapter,1,L1,1.169127,1.105989,1.232835,0.450932,7.53085,0.795664
uber_tlc_hourly,PT-ID,linear_adapter,2,L2,1.055733,1.00154,1.113351,0.310206,6.450782,0.538131
uber_tlc_hourly,PT-ID,linear_adapter,3,L3,0.875001,0.835014,0.91721,0.085911,4.84735,0.155807
uber_tlc_hourly,PT-ID,linear_adapter,4,L4,0.849292,0.812377,0.889503,0.054004,4.516778,0.076985
uber_tlc_hourly,PT-ID,linear_adapter,5,L5,0.841491,0.804079,0.881984,0.044324,4.48245,0.0688
uber_tlc_hourly,PT-ID,linear_adapter,6,L6,0.837064,0.799961,0.877157,0.03883,4.41524,0.052775
uber_tlc_hourly,PT-ID,linear_adapter,7,L7,0.826546,0.790975,0.865683,0.025776,4.368794,0.0417
uber_tlc_hourly,PT-ID,linear_adapter,8,L8,0.830504,0.794277,0.869747,0.030688,4.415159,0.052755
uber_tlc_hourly,PT-ID,linear_adapter,9,L9,0.821794,0.78589,0.861599,0.019878,4.396807,0.048379
uber_tlc_hourly,PT-ID,linear_adapter,10,L10,0.820255,0.784437,0.859559,0.017969,4.408658,0.051205
uber_tlc_hourly,PT-ID,linear_adapter,11,L11,0.821691,0.786361,0.860666,0.019752,4.334137,0.033436
uber_tlc_hourly,PT-ID,linear_adapter,12,L12,0.811686,0.777265,0.849714,0.007335,4.264552,0.016844
uber_tlc_hourly,PT-ID,linear_adapter,13,L12+RMS,0.805776,0.770208,0.84448,0.0,4.193908,0.0
m4_hourly,PT-ID,native,13,L12+RMS,0.928172,0.84658,1.016871,0.0,0.772207,0.0
m4_hourly,PT-ID,zero_shot,0,Emb,10.352765,8.64747,12.232218,10.153932,2.769302,2.586218
m4_hourly,PT-ID,zero_shot,1,L1,10.465466,8.713873,12.389925,10.275354,2.838161,2.67539
m4_hourly,PT-ID,zero_shot,2,L2,10.117257,8.418393,11.978937,9.900198,2.907535,2.765228
m4_hourly,PT-ID,zero_shot,3,L3,8.782194,7.326174,10.385473,8.461819,2.671674,2.459791
m4_hourly,PT-ID,zero_shot,4,L4,7.775913,6.489364,9.183142,7.377666,2.490685,2.225412
m4_hourly,PT-ID,zero_shot,5,L5,4.550252,3.840006,5.337755,3.902381,1.793454,1.322505
m4_hourly,PT-ID,zero_shot,6,L6,3.430681,2.926517,4.000816,2.69617,1.673568,1.167254
m4_hourly,PT-ID,zero_shot,7,L7,2.542533,2.192821,2.927777,1.739291,1.720707,1.228299
m4_hourly,PT-ID,zero_shot,8,L8,2.539202,2.203272,2.915128,1.735702,1.557961,1.017543
m4_hourly,PT-ID,zero_shot,9,L9,3.968652,3.369453,4.629195,3.275773,1.733249,1.24454
m4_hourly,PT-ID,zero_shot,10,L10,4.962198,4.164504,5.841286,4.346206,1.772169,1.294941
m4_hourly,PT-ID,zero_shot,11,L11,6.189318,5.190164,7.29403,5.668289,1.957731,1.535242
m4_hourly,PT-ID,zero_shot,12,L12,0.928172,0.84658,1.016871,0.0,0.772207,0.0
m4_hourly,PT-ID,zero_shot,13,L12+RMS,0.928172,0.84658,1.016871,0.0,0.772207,0.0
m4_hourly,PT-ID,linear_adapter,0,Emb,10.053194,8.393986,11.905419,9.831177,2.320785,2.005393
m4_hourly,PT-ID,linear_adapter,1,L1,5.955725,5.024572,7.00607,5.416619,1.999793,1.589712
m4_hourly,PT-ID,linear_adapter,2,L2,1.811844,1.591731,2.079462,0.952057,1.366794,0.769985
m4_hourly,PT-ID,linear_adapter,3,L3,1.441719,1.306236,1.595212,0.553289,1.32538,0.716354
m4_hourly,PT-ID,linear_adapter,4,L4,1.368752,1.244127,1.507454,0.474675,1.317708,0.706419
m4_hourly,PT-ID,linear_adapter,5,L5,1.214562,1.089186,1.359669,0.308553,1.131177,0.464863
m4_hourly,PT-ID,linear_adapter,6,L6,1.241643,1.10954,1.398027,0.337729,1.068836,0.384132
m4_hourly,PT-ID,linear_adapter,7,L7,1.183107,1.061485,1.321461,0.274663,1.14699,0.48534
m4_hourly,PT-ID,linear_adapter,8,L8,1.064903,0.959157,1.189159,0.147313,0.994474,0.287834
m4_hourly,PT-ID,linear_adapter,9,L9,1.041044,0.932271,1.175706,0.121607,0.91032,0.178855
m4_hourly,PT-ID,linear_adapter,10,L10,1.197309,1.067208,1.349667,0.289965,0.897351,0.16206
m4_hourly,PT-ID,linear_adapter,11,L11,1.125041,1.011763,1.25513,0.212104,0.844875,0.094105
m4_hourly,PT-ID,linear_adapter,12,L12,0.933395,0.851884,1.023557,0.005628,0.805251,0.042793
m4_hourly,PT-ID,linear_adapter,13,L12+RMS,0.928172,0.84658,1.016871,0.0,0.772207,0.0
wind_farms_hourly,PT-ID,native,13,L12+RMS,4.372748,0.811479,11.313615,0.0,3.003954,0.0
wind_farms_hourly,PT-ID,zero_shot,0,Emb,5.603507,1.998059,12.581228,0.281461,5.328459,0.773815
wind_farms_hourly,PT-ID,zero_shot,1,L1,5.30046,1.709785,12.271644,0.212158,4.876728,0.623436
wind_farms_hourly,PT-ID,zero_shot,2,L2,5.214972,1.623525,12.185872,0.192607,4.957052,0.650176
wind_farms_hourly,PT-ID,zero_shot,3,L3,5.120602,1.537413,12.080156,0.171026,4.65768,0.550516
wind_farms_hourly,PT-ID,zero_shot,4,L4,5.027934,1.45423,11.979262,0.149834,4.4359,0.476687
wind_farms_hourly,PT-ID,zero_shot,5,L5,4.91464,1.355782,11.859291,0.123925,4.077338,0.357324
wind_farms_hourly,PT-ID,zero_shot,6,L6,4.865868,1.311091,11.801656,0.112771,4.007299,0.334008
wind_farms_hourly,PT-ID,zero_shot,7,L7,4.786988,1.233764,11.72708,0.094732,3.897357,0.297409
wind_farms_hourly,PT-ID,zero_shot,8,L8,4.847889,1.294002,11.79081,0.10866,3.89256,0.295812
wind_farms_hourly,PT-ID,zero_shot,9,L9,4.787356,1.233047,11.724747,0.094816,3.934092,0.309638
wind_farms_hourly,PT-ID,zero_shot,10,L10,4.540242,0.989921,11.472569,0.038304,3.922673,0.305837
wind_farms_hourly,PT-ID,zero_shot,11,L11,4.667612,1.11393,11.603815,0.067432,4.748576,0.580775
wind_farms_hourly,PT-ID,zero_shot,12,L12,4.372748,0.811479,11.313615,0.0,3.003954,0.0
wind_farms_hourly,PT-ID,zero_shot,13,L12+RMS,4.372748,0.811479,11.313615,0.0,3.003954,0.0
wind_farms_hourly,PT-ID,linear_adapter,0,Emb,5.397993,1.795879,12.378805,0.234462,4.941068,0.644855
wind_farms_hourly,PT-ID,linear_adapter,1,L1,4.752938,1.179688,11.703231,0.086945,3.74648,0.247183
wind_farms_hourly,PT-ID,linear_adapter,2,L2,4.501979,0.946912,11.44695,0.029554,3.270104,0.0886
wind_farms_hourly,PT-ID,linear_adapter,3,L3,4.436778,0.881101,11.382149,0.014643,3.073211,0.023055
wind_farms_hourly,PT-ID,linear_adapter,4,L4,4.431862,0.874121,11.375365,0.013519,3.030876,0.008962
wind_farms_hourly,PT-ID,linear_adapter,5,L5,4.423759,0.869667,11.366938,0.011666,3.093818,0.029915
wind_farms_hourly,PT-ID,linear_adapter,6,L6,4.523135,0.971745,11.462853,0.034392,3.409968,0.13516
wind_farms_hourly,PT-ID,linear_adapter,7,L7,4.459625,0.904068,11.397144,0.019868,3.301761,0.099138
wind_farms_hourly,PT-ID,linear_adapter,8,L8,4.514926,0.957685,11.455075,0.032515,3.529354,0.174903
wind_farms_hourly,PT-ID,linear_adapter,9,L9,4.496147,0.934015,11.443469,0.02822,3.477775,0.157732
wind_farms_hourly,PT-ID,linear_adapter,10,L10,4.538028,0.983851,11.478092,0.037798,3.437699,0.144391
wind_farms_hourly,PT-ID,linear_adapter,11,L11,4.515183,0.951699,11.463215,0.032573,3.433851,0.14311
wind_farms_hourly,PT-ID,linear_adapter,12,L12,4.425817,0.86101,11.372409,0.012136,3.076004,0.023985
wind_farms_hourly,PT-ID,linear_adapter,13,L12+RMS,4.372748,0.811479,11.313615,0.0,3.003954,0.0
sg_carpark,PT-OOD,native,13,L12+RMS,0.59786,0.520924,0.689827,0.0,0.539682,0.0
sg_carpark,PT-OOD,zero_shot,0,Emb,2.429925,2.323403,2.538064,3.064373,2.158817,3.000163
sg_carpark,PT-OOD,zero_shot,1,L1,2.413446,2.306973,2.523818,3.036811,2.192725,3.062994
sg_carpark,PT-OOD,zero_shot,2,L2,2.357307,2.252737,2.467751,2.94291,2.22292,3.118942
sg_carpark,PT-OOD,zero_shot,3,L3,2.134056,2.036447,2.237507,2.569494,2.035671,2.77198
sg_carpark,PT-OOD,zero_shot,4,L4,1.881456,1.789513,1.978466,2.146986,1.842442,2.413938
sg_carpark,PT-OOD,zero_shot,5,L5,1.250908,1.171217,1.340138,1.092311,1.241579,1.300575
sg_carpark,PT-OOD,zero_shot,6,L6,1.057638,0.980668,1.147724,0.76904,1.110956,1.058538
sg_carpark,PT-OOD,zero_shot,7,L7,0.815039,0.738249,0.903624,0.363262,0.927464,0.718536
sg_carpark,PT-OOD,zero_shot,8,L8,0.82185,0.745954,0.910291,0.374653,0.941382,0.744327
sg_carpark,PT-OOD,zero_shot,9,L9,1.004921,0.92965,1.089944,0.680865,1.180861,1.188067
sg_carpark,PT-OOD,zero_shot,10,L10,1.220166,1.140884,1.307032,1.04089,1.437016,1.662708
sg_carpark,PT-OOD,zero_shot,11,L11,1.597763,1.513637,1.68755,1.672472,1.894572,2.510532
sg_carpark,PT-OOD,zero_shot,12,L12,0.59786,0.520924,0.689827,0.0,0.539682,0.0
sg_carpark,PT-OOD,zero_shot,13,L12+RMS,0.59786,0.520924,0.689827,0.0,0.539682,0.0
sg_carpark,PT-OOD,linear_adapter,0,Emb,2.347218,2.244376,2.451082,2.926035,1.868148,2.46157
sg_carpark,PT-OOD,linear_adapter,1,L1,1.673359,1.586591,1.766091,1.798916,1.330718,1.465743
sg_carpark,PT-OOD,linear_adapter,2,L2,0.871016,0.772008,0.991237,0.456891,0.794437,0.472045
sg_carpark,PT-OOD,linear_adapter,3,L3,0.755464,0.673013,0.851296,0.263615,0.692448,0.283066
sg_carpark,PT-OOD,linear_adapter,4,L4,0.714465,0.632013,0.811632,0.195039,0.658171,0.219552
sg_carpark,PT-OOD,linear_adapter,5,L5,0.673234,0.588997,0.77397,0.126073,0.621682,0.151941
sg_carpark,PT-OOD,linear_adapter,6,L6,0.673201,0.591296,0.77085,0.126019,0.623709,0.155696
sg_carpark,PT-OOD,linear_adapter,7,L7,0.666191,0.582963,0.765792,0.114293,0.615625,0.140718
sg_carpark,PT-OOD,linear_adapter,8,L8,0.665976,0.58729,0.758978,0.113933,0.614343,0.138342
sg_carpark,PT-OOD,linear_adapter,9,L9,0.643215,0.565834,0.733047,0.075863,0.589627,0.092544
sg_carpark,PT-OOD,linear_adapter,10,L10,0.636248,0.555642,0.730965,0.06421,0.585609,0.0851
sg_carpark,PT-OOD,linear_adapter,11,L11,0.636657,0.559552,0.729075,0.064894,0.580618,0.075851
sg_carpark,PT-OOD,linear_adapter,12,L12,0.603758,0.525237,0.698455,0.009866,0.555974,0.030187
sg_carpark,PT-OOD,linear_adapter,13,L12+RMS,0.59786,0.520924,0.689827,0.0,0.539682,0.0
coastal_ts,PT-OOD,native,13,L12+RMS,1.130997,0.942115,1.355057,0.0,0.154884,0.0
coastal_ts,PT-OOD,zero_shot,0,Emb,2.44994,1.732882,3.244747,1.166177,0.299886,0.9362
coastal_ts,PT-OOD,zero_shot,1,L1,1.783027,1.343852,2.258049,0.57651,0.225285,0.454546
coastal_ts,PT-OOD,zero_shot,2,L2,1.589656,1.23735,1.979306,0.405536,0.212868,0.374374
coastal_ts,PT-OOD,zero_shot,3,L3,1.513956,1.195844,1.865348,0.338603,0.203738,0.315424
coastal_ts,PT-OOD,zero_shot,4,L4,1.441734,1.160802,1.754049,0.274746,0.20131,0.299753
coastal_ts,PT-OOD,zero_shot,5,L5,1.389702,1.130625,1.683902,0.228741,0.198674,0.28273
coastal_ts,PT-OOD,zero_shot,6,L6,1.395477,1.13844,1.680535,0.233847,0.205822,0.328883
coastal_ts,PT-OOD,zero_shot,7,L7,1.397216,1.131379,1.688875,0.235384,0.202878,0.309877
coastal_ts,PT-OOD,zero_shot,8,L8,1.345194,1.102225,1.608823,0.189388,0.199003,0.284856
coastal_ts,PT-OOD,zero_shot,9,L9,1.29756,1.067255,1.564563,0.147271,0.198081,0.278899
coastal_ts,PT-OOD,zero_shot,10,L10,1.235932,1.01898,1.504342,0.092781,0.187919,0.213292
coastal_ts,PT-OOD,zero_shot,11,L11,1.347588,1.088717,1.645674,0.191505,0.199502,0.288077
coastal_ts,PT-OOD,zero_shot,12,L12,1.130997,0.942115,1.355057,0.0,0.154884,0.0
coastal_ts,PT-OOD,zero_shot,13,L12+RMS,1.130997,0.942115,1.355057,0.0,0.154884,0.0
coastal_ts,PT-OOD,linear_adapter,0,Emb,2.451252,1.736581,3.247219,1.167338,0.267145,0.724811
coastal_ts,PT-OOD,linear_adapter,1,L1,1.149244,0.988422,1.322464,0.016134,0.162194,0.047199
coastal_ts,PT-OOD,linear_adapter,2,L2,1.137919,0.973827,1.325356,0.00612,0.160385,0.035521
coastal_ts,PT-OOD,linear_adapter,3,L3,1.148133,0.99801,1.324236,0.015151,0.162369,0.048332
coastal_ts,PT-OOD,linear_adapter,4,L4,1.14399,0.979528,1.334072,0.011488,0.16,0.033032
coastal_ts,PT-OOD,linear_adapter,5,L5,1.170242,0.990258,1.389014,0.0347,0.165281,0.067127
coastal_ts,PT-OOD,linear_adapter,6,L6,1.168883,0.976934,1.398031,0.033498,0.160762,0.037956
coastal_ts,PT-OOD,linear_adapter,7,L7,1.166192,0.981091,1.382787,0.031119,0.157839,0.019079
coastal_ts,PT-OOD,linear_adapter,8,L8,1.129308,0.956973,1.332094,-0.001494,0.156514,0.010524
coastal_ts,PT-OOD,linear_adapter,9,L9,1.200094,0.980708,1.463634,0.061094,0.156732,0.011933
coastal_ts,PT-OOD,linear_adapter,10,L10,1.198978,0.976275,1.466613,0.060108,0.162337,0.048123
coastal_ts,PT-OOD,linear_adapter,11,L11,1.191931,1.016559,1.394619,0.053877,0.163839,0.05782
coastal_ts,PT-OOD,linear_adapter,12,L12,1.096428,0.916389,1.310479,-0.030565,0.149034,-0.03777
coastal_ts,PT-OOD,linear_adapter,13,L12+RMS,1.130997,0.942115,1.355057,0.0,0.154884,0.0
boom_hourly,PT-OOD,native,13,L12+RMS,0.947018,0.557852,1.564358,0.0,5.524913,0.0
boom_hourly,PT-OOD,zero_shot,0,Emb,1.872471,1.428903,2.509167,0.977229,13.976954,1.529805
boom_hourly,PT-OOD,zero_shot,1,L1,1.465538,1.041498,2.100785,0.547529,10.817618,0.957971
boom_hourly,PT-OOD,zero_shot,2,L2,1.410636,0.987246,2.044424,0.489556,11.485052,1.078775
boom_hourly,PT-OOD,zero_shot,3,L3,1.376453,0.955005,2.00727,0.45346,10.922081,0.976878
boom_hourly,PT-OOD,zero_shot,4,L4,1.327141,0.911153,1.96042,0.401389,10.766627,0.948741
boom_hourly,PT-OOD,zero_shot,5,L5,1.33628,0.925509,1.962336,0.411039,10.533594,0.906563
boom_hourly,PT-OOD,zero_shot,6,L6,1.338453,0.932341,1.959542,0.413334,10.631646,0.92431
boom_hourly,PT-OOD,zero_shot,7,L7,1.325483,0.920877,1.945745,0.399638,10.701276,0.936913
boom_hourly,PT-OOD,zero_shot,8,L8,1.328633,0.925962,1.944081,0.402965,10.491771,0.898993
boom_hourly,PT-OOD,zero_shot,9,L9,1.28996,0.890064,1.901059,0.362128,11.071804,1.003978
boom_hourly,PT-OOD,zero_shot,10,L10,1.077142,0.68797,1.696317,0.137404,9.896568,0.791262
boom_hourly,PT-OOD,zero_shot,11,L11,1.109743,0.722211,1.735476,0.171829,15.875554,1.873449
boom_hourly,PT-OOD,zero_shot,12,L12,0.947018,0.557852,1.564358,0.0,5.524913,0.0
boom_hourly,PT-OOD,zero_shot,13,L12+RMS,0.947018,0.557852,1.564358,0.0,5.524913,0.0
boom_hourly,PT-OOD,linear_adapter,0,Emb,1.698894,1.255239,2.324318,0.79394,12.753783,1.308413
boom_hourly,PT-OOD,linear_adapter,1,L1,1.051007,0.658472,1.673269,0.109807,6.671756,0.207577
boom_hourly,PT-OOD,linear_adapter,2,L2,1.051718,0.65805,1.673579,0.110557,6.517798,0.17971
boom_hourly,PT-OOD,linear_adapter,3,L3,1.047476,0.655963,1.674059,0.106078,6.490019,0.174682
boom_hourly,PT-OOD,linear_adapter,4,L4,1.052764,0.661611,1.674592,0.111662,6.389017,0.156401
boom_hourly,PT-OOD,linear_adapter,5,L5,1.049708,0.660254,1.666068,0.108435,6.463409,0.169866
boom_hourly,PT-OOD,linear_adapter,6,L6,1.076837,0.685129,1.696875,0.137081,6.900018,0.248892
boom_hourly,PT-OOD,linear_adapter,7,L7,1.078061,0.689018,1.694368,0.138374,6.824557,0.235233
boom_hourly,PT-OOD,linear_adapter,8,L8,1.088193,0.698821,1.704678,0.149073,7.098561,0.284828
boom_hourly,PT-OOD,linear_adapter,9,L9,1.097544,0.703908,1.722576,0.158947,7.201477,0.303455
boom_hourly,PT-OOD,linear_adapter,10,L10,1.024373,0.636553,1.643655,0.081683,6.26563,0.134069
boom_hourly,PT-OOD,linear_adapter,11,L11,0.980954,0.590958,1.600247,0.035834,5.99107,0.084374
boom_hourly,PT-OOD,linear_adapter,12,L12,0.975574,0.585954,1.59358,0.030153,5.769,0.044179
boom_hourly,PT-OOD,linear_adapter,13,L12+RMS,0.947018,0.557852,1.564358,0.0,5.524913,0.0
