experiment,stage,target,short,pt_status,ft_status,probe_status,ft_source,quantile_set,readout,l_start,l_start_label,last_label,loss_at_l_start,loss_at_last,D_last_vs_lstart,D_ci_lo,D_ci_hi,n_clusters,n_windows,C,H,P,K
ft_specialization_stageB,stage0_pretrained,monash_electricity_hourly,Electricity,PT-ID,FT-OOD,probe-ID,boom,q1,fslot,3,L3,L12+LN,0.2940761464015218,0.2764929510681456,-0.05979130081964773,-0.09014619930880803,-0.03090878272481793,262,262,512,64,16,4
ft_specialization_stageB,stage1_ft_early,monash_electricity_hourly,Electricity,PT-ID,FT-OOD,probe-ID,boom,q1,fslot,3,L3,L12+LN,0.2921676684464814,0.27992541824038547,-0.04190145429571506,-0.07240456470700854,-0.013463912447756292,262,262,512,64,16,4
ft_specialization_stageB,stage2_ft_late,monash_electricity_hourly,Electricity,PT-ID,FT-OOD,probe-ID,boom,q1,fslot,3,L3,L12+LN,0.2941624314332281,0.281039531515679,-0.044611066932005145,-0.07421150154559467,-0.016404205545993127,262,262,512,64,16,4
ft_specialization_stageB,stage0_pretrained,uber_tlc_hourly,Uber,PT-ID,FT-OOD,probe-ID,boom,q1,fslot,3,L3,L12+LN,0.5013887468943462,0.46939803053252876,-0.06380421690748228,-0.07450848417481212,-0.05335459799052192,262,262,512,64,16,4
ft_specialization_stageB,stage1_ft_early,uber_tlc_hourly,Uber,PT-ID,FT-OOD,probe-ID,boom,q1,fslot,3,L3,L12+LN,0.5001346792542297,0.46424994994969165,-0.07175013210051188,-0.08246874908886255,-0.06123306062649286,262,262,512,64,16,4
ft_specialization_stageB,stage2_ft_late,uber_tlc_hourly,Uber,PT-ID,FT-OOD,probe-ID,boom,q1,fslot,3,L3,L12+LN,0.5032516905597147,0.4652672362046994,-0.0754780462093815,-0.08665651262913864,-0.06443470120225109,262,262,512,64,16,4
ft_specialization_stageB,stage0_pretrained,m4_hourly,M4,PT-ID,FT-OOD,probe-ID,boom,q1,fslot,3,L3,L12+LN,0.2755060570347703,0.26954105831967057,-0.02165106197410025,-0.05296071569434531,0.011414518706176621,262,262,512,64,16,4
ft_specialization_stageB,stage1_ft_early,m4_hourly,M4,PT-ID,FT-OOD,probe-ID,boom,q1,fslot,3,L3,L12+LN,0.2746080618076803,0.2646150573443517,-0.03639006224925434,-0.06556973769133813,-0.006884749139444884,262,262,512,64,16,4
ft_specialization_stageB,stage2_ft_late,m4_hourly,M4,PT-ID,FT-OOD,probe-ID,boom,q1,fslot,3,L3,L12+LN,0.2723883533182035,0.2709259282010809,-0.005368897382386362,-0.036724160910070656,0.025725054572602293,262,262,512,64,16,4
ft_specialization_stageB,stage0_pretrained,wind_farms_hourly,WindFarms,PT-ID,FT-OOD,probe-ID,boom,q1,fslot,3,L3,L12+LN,0.4015823120900617,0.41109136400066565,0.023678961010791245,-0.04126616199270017,0.08768563890141441,262,262,512,64,16,4
ft_specialization_stageB,stage1_ft_early,wind_farms_hourly,WindFarms,PT-ID,FT-OOD,probe-ID,boom,q1,fslot,3,L3,L12+LN,0.40037360615819767,0.398158336878202,-0.0055330052878667865,-0.0647002739298863,0.053994908207945,262,262,512,64,16,4
ft_specialization_stageB,stage2_ft_late,wind_farms_hourly,WindFarms,PT-ID,FT-OOD,probe-ID,boom,q1,fslot,3,L3,L12+LN,0.4008344571478191,0.38604326575577413,-0.03690099772682546,-0.08751552506977535,0.015227783318202312,262,262,512,64,16,4
ft_specialization_stageB,stage0_pretrained,boom_hourly,BOOM,PT-OOD,FT-ID,probe-ID,boom,q1,fslot,3,L3,L12+LN,0.3171299102377645,0.3148441532251413,-0.007207636173168009,-0.04026225611481625,0.02663459853561941,354,354,512,64,16,4
ft_specialization_stageB,stage1_ft_early,boom_hourly,BOOM,PT-OOD,FT-ID,probe-ID,boom,q1,fslot,3,L3,L12+LN,0.31565861401486645,0.3128863084086142,-0.008782607168520782,-0.03705227247987988,0.017423065224145173,354,354,512,64,16,4
ft_specialization_stageB,stage2_ft_late,boom_hourly,BOOM,PT-OOD,FT-ID,probe-ID,boom,q1,fslot,3,L3,L12+LN,0.3176943678759642,0.30896949815772573,-0.027463092205792093,-0.05569942995036255,-0.0013293981430107227,354,354,512,64,16,4
ft_specialization_stageB,stage0_pretrained,sg_carpark,SG-Carpark,PT-OOD,FT-OOD,probe-ID,boom,q1,fslot,3,L3,L12+LN,0.2521916031416527,0.21814776964050678,-0.13499193897436765,-0.16595998215495714,-0.10342053895526013,354,354,512,64,16,4
ft_specialization_stageB,stage1_ft_early,sg_carpark,SG-Carpark,PT-OOD,FT-OOD,probe-ID,boom,q1,fslot,3,L3,L12+LN,0.24901544832380704,0.22015713435192566,-0.11588965329715395,-0.14697967178781052,-0.08227715762514275,354,354,512,64,16,4
ft_specialization_stageB,stage2_ft_late,sg_carpark,SG-Carpark,PT-OOD,FT-OOD,probe-ID,boom,q1,fslot,3,L3,L12+LN,0.2501639929966626,0.22195022199618616,-0.1127811027578731,-0.14296232544349607,-0.08119785130542446,354,354,512,64,16,4
ft_specialization_stageB,stage0_pretrained,coastal_ts,Coastal-TS,PT-OOD,FT-OOD,probe-ID,boom,q1,fslot,3,L3,L12+LN,0.5213667165694965,0.5093680132801334,-0.023013941834094342,-0.08355135473333986,0.0424525157363878,24,48,512,64,16,4
ft_specialization_stageB,stage1_ft_early,coastal_ts,Coastal-TS,PT-OOD,FT-OOD,probe-ID,boom,q1,fslot,3,L3,L12+LN,0.5243737001178993,0.5131543857148951,-0.021395646655203406,-0.0767541741486105,0.03892036701719978,24,48,512,64,16,4
ft_specialization_stageB,stage2_ft_late,coastal_ts,Coastal-TS,PT-OOD,FT-OOD,probe-ID,boom,q1,fslot,3,L3,L12+LN,0.520658215921786,0.507374047094749,-0.025514182664952773,-0.07887701710963611,0.033796757269267,24,48,512,64,16,4
