pt_status,probe_status,quadrant,source_dataset,target_dataset,probe_fitted_on,wd_selected_on,tunnel_defined_on,l_start_sustained,val_selected_layer,final_reference,quantile_set,readout,probe_family,probe_protocol_version,layer,layer_label,quantile_loss,mase,is_selected_layer,is_reference,in_sustained_tunnel
PT-ID,Probe-ID,PT-ID / Probe-ID,monash_electricity_hourly,monash_electricity_hourly,monash_electricity_hourly,monash_electricity_hourly:validation,monash_electricity_hourly:validation,10,13,L12+LN,q1,fslot,shared_linear,v2,0,Emb,0.723998,2.49348,False,False,False
PT-ID,Probe-ID,PT-ID / Probe-ID,monash_electricity_hourly,monash_electricity_hourly,monash_electricity_hourly,monash_electricity_hourly:validation,monash_electricity_hourly:validation,10,13,L12+LN,q1,fslot,shared_linear,v2,1,L1,0.567853,1.97583,False,False,False
PT-ID,Probe-ID,PT-ID / Probe-ID,monash_electricity_hourly,monash_electricity_hourly,monash_electricity_hourly,monash_electricity_hourly:validation,monash_electricity_hourly:validation,10,13,L12+LN,q1,fslot,shared_linear,v2,2,L2,0.351881,1.210865,False,False,False
PT-ID,Probe-ID,PT-ID / Probe-ID,monash_electricity_hourly,monash_electricity_hourly,monash_electricity_hourly,monash_electricity_hourly:validation,monash_electricity_hourly:validation,10,13,L12+LN,q1,fslot,shared_linear,v2,3,L3,0.294076,1.008869,False,False,False
PT-ID,Probe-ID,PT-ID / Probe-ID,monash_electricity_hourly,monash_electricity_hourly,monash_electricity_hourly,monash_electricity_hourly:validation,monash_electricity_hourly:validation,10,13,L12+LN,q1,fslot,shared_linear,v2,4,L4,0.296204,1.032564,False,False,False
PT-ID,Probe-ID,PT-ID / Probe-ID,monash_electricity_hourly,monash_electricity_hourly,monash_electricity_hourly,monash_electricity_hourly:validation,monash_electricity_hourly:validation,10,13,L12+LN,q1,fslot,shared_linear,v2,5,L5,0.301091,1.046651,False,False,False
PT-ID,Probe-ID,PT-ID / Probe-ID,monash_electricity_hourly,monash_electricity_hourly,monash_electricity_hourly,monash_electricity_hourly:validation,monash_electricity_hourly:validation,10,13,L12+LN,q1,fslot,shared_linear,v2,6,L6,0.299244,1.043811,False,False,False
PT-ID,Probe-ID,PT-ID / Probe-ID,monash_electricity_hourly,monash_electricity_hourly,monash_electricity_hourly,monash_electricity_hourly:validation,monash_electricity_hourly:validation,10,13,L12+LN,q1,fslot,shared_linear,v2,7,L7,0.301391,1.052691,False,False,False
PT-ID,Probe-ID,PT-ID / Probe-ID,monash_electricity_hourly,monash_electricity_hourly,monash_electricity_hourly,monash_electricity_hourly:validation,monash_electricity_hourly:validation,10,13,L12+LN,q1,fslot,shared_linear,v2,8,L8,0.302546,1.058349,False,False,False
PT-ID,Probe-ID,PT-ID / Probe-ID,monash_electricity_hourly,monash_electricity_hourly,monash_electricity_hourly,monash_electricity_hourly:validation,monash_electricity_hourly:validation,10,13,L12+LN,q1,fslot,shared_linear,v2,9,L9,0.296132,1.031602,False,False,False
PT-ID,Probe-ID,PT-ID / Probe-ID,monash_electricity_hourly,monash_electricity_hourly,monash_electricity_hourly,monash_electricity_hourly:validation,monash_electricity_hourly:validation,10,13,L12+LN,q1,fslot,shared_linear,v2,10,L10,0.299468,1.043972,False,False,True
PT-ID,Probe-ID,PT-ID / Probe-ID,monash_electricity_hourly,monash_electricity_hourly,monash_electricity_hourly,monash_electricity_hourly:validation,monash_electricity_hourly:validation,10,13,L12+LN,q1,fslot,shared_linear,v2,11,L11,0.301133,1.061775,False,False,True
PT-ID,Probe-ID,PT-ID / Probe-ID,monash_electricity_hourly,monash_electricity_hourly,monash_electricity_hourly,monash_electricity_hourly:validation,monash_electricity_hourly:validation,10,13,L12+LN,q1,fslot,shared_linear,v2,12,L12,0.286238,1.010758,False,False,True
PT-ID,Probe-ID,PT-ID / Probe-ID,monash_electricity_hourly,monash_electricity_hourly,monash_electricity_hourly,monash_electricity_hourly:validation,monash_electricity_hourly:validation,10,13,L12+LN,q1,fslot,shared_linear,v2,13,L12+LN,0.276493,0.967774,True,True,True
PT-ID,Probe-OOD,PT-ID / Probe-OOD,monash_electricity_hourly,uber_tlc_hourly,monash_electricity_hourly,monash_electricity_hourly:validation,monash_electricity_hourly:validation,10,13,L12+LN,q1,fslot,shared_linear,v2,0,Emb,0.730795,1.426874,False,False,False
PT-ID,Probe-OOD,PT-ID / Probe-OOD,monash_electricity_hourly,uber_tlc_hourly,monash_electricity_hourly,monash_electricity_hourly:validation,monash_electricity_hourly:validation,10,13,L12+LN,q1,fslot,shared_linear,v2,1,L1,0.727345,1.484748,False,False,False
PT-ID,Probe-OOD,PT-ID / Probe-OOD,monash_electricity_hourly,uber_tlc_hourly,monash_electricity_hourly,monash_electricity_hourly:validation,monash_electricity_hourly:validation,10,13,L12+LN,q1,fslot,shared_linear,v2,2,L2,0.701124,1.553083,False,False,False
PT-ID,Probe-OOD,PT-ID / Probe-OOD,monash_electricity_hourly,uber_tlc_hourly,monash_electricity_hourly,monash_electricity_hourly:validation,monash_electricity_hourly:validation,10,13,L12+LN,q1,fslot,shared_linear,v2,3,L3,0.546129,1.117998,False,False,False
PT-ID,Probe-OOD,PT-ID / Probe-OOD,monash_electricity_hourly,uber_tlc_hourly,monash_electricity_hourly,monash_electricity_hourly:validation,monash_electricity_hourly:validation,10,13,L12+LN,q1,fslot,shared_linear,v2,4,L4,0.536139,1.077238,False,False,False
PT-ID,Probe-OOD,PT-ID / Probe-OOD,monash_electricity_hourly,uber_tlc_hourly,monash_electricity_hourly,monash_electricity_hourly:validation,monash_electricity_hourly:validation,10,13,L12+LN,q1,fslot,shared_linear,v2,5,L5,0.50667,1.015632,False,False,False
PT-ID,Probe-OOD,PT-ID / Probe-OOD,monash_electricity_hourly,uber_tlc_hourly,monash_electricity_hourly,monash_electricity_hourly:validation,monash_electricity_hourly:validation,10,13,L12+LN,q1,fslot,shared_linear,v2,6,L6,0.499063,0.993847,False,False,False
PT-ID,Probe-OOD,PT-ID / Probe-OOD,monash_electricity_hourly,uber_tlc_hourly,monash_electricity_hourly,monash_electricity_hourly:validation,monash_electricity_hourly:validation,10,13,L12+LN,q1,fslot,shared_linear,v2,7,L7,0.477852,0.94599,False,False,False
PT-ID,Probe-OOD,PT-ID / Probe-OOD,monash_electricity_hourly,uber_tlc_hourly,monash_electricity_hourly,monash_electricity_hourly:validation,monash_electricity_hourly:validation,10,13,L12+LN,q1,fslot,shared_linear,v2,8,L8,0.473262,0.926753,False,False,False
PT-ID,Probe-OOD,PT-ID / Probe-OOD,monash_electricity_hourly,uber_tlc_hourly,monash_electricity_hourly,monash_electricity_hourly:validation,monash_electricity_hourly:validation,10,13,L12+LN,q1,fslot,shared_linear,v2,9,L9,0.477007,0.931451,False,False,False
PT-ID,Probe-OOD,PT-ID / Probe-OOD,monash_electricity_hourly,uber_tlc_hourly,monash_electricity_hourly,monash_electricity_hourly:validation,monash_electricity_hourly:validation,10,13,L12+LN,q1,fslot,shared_linear,v2,10,L10,0.49446,1.467913,False,False,True
PT-ID,Probe-OOD,PT-ID / Probe-OOD,monash_electricity_hourly,uber_tlc_hourly,monash_electricity_hourly,monash_electricity_hourly:validation,monash_electricity_hourly:validation,10,13,L12+LN,q1,fslot,shared_linear,v2,11,L11,0.475395,1.10388,False,False,True
PT-ID,Probe-OOD,PT-ID / Probe-OOD,monash_electricity_hourly,uber_tlc_hourly,monash_electricity_hourly,monash_electricity_hourly:validation,monash_electricity_hourly:validation,10,13,L12+LN,q1,fslot,shared_linear,v2,12,L12,0.470372,1.028745,False,False,True
PT-ID,Probe-OOD,PT-ID / Probe-OOD,monash_electricity_hourly,uber_tlc_hourly,monash_electricity_hourly,monash_electricity_hourly:validation,monash_electricity_hourly:validation,10,13,L12+LN,q1,fslot,shared_linear,v2,13,L12+LN,0.460808,0.912589,True,True,True
PT-ID,Probe-OOD,PT-ID / Probe-OOD,monash_electricity_hourly,m4_hourly,monash_electricity_hourly,monash_electricity_hourly:validation,monash_electricity_hourly:validation,10,13,L12+LN,q1,fslot,shared_linear,v2,0,Emb,0.749545,10.157984,False,False,False
PT-ID,Probe-OOD,PT-ID / Probe-OOD,monash_electricity_hourly,m4_hourly,monash_electricity_hourly,monash_electricity_hourly:validation,monash_electricity_hourly:validation,10,13,L12+LN,q1,fslot,shared_linear,v2,1,L1,0.580147,8.049019,False,False,False
PT-ID,Probe-OOD,PT-ID / Probe-OOD,monash_electricity_hourly,m4_hourly,monash_electricity_hourly,monash_electricity_hourly:validation,monash_electricity_hourly:validation,10,13,L12+LN,q1,fslot,shared_linear,v2,2,L2,0.319581,3.063003,False,False,False
PT-ID,Probe-OOD,PT-ID / Probe-OOD,monash_electricity_hourly,m4_hourly,monash_electricity_hourly,monash_electricity_hourly:validation,monash_electricity_hourly:validation,10,13,L12+LN,q1,fslot,shared_linear,v2,3,L3,0.284272,2.732048,False,False,False
PT-ID,Probe-OOD,PT-ID / Probe-OOD,monash_electricity_hourly,m4_hourly,monash_electricity_hourly,monash_electricity_hourly:validation,monash_electricity_hourly:validation,10,13,L12+LN,q1,fslot,shared_linear,v2,4,L4,0.28307,3.040457,False,False,False
PT-ID,Probe-OOD,PT-ID / Probe-OOD,monash_electricity_hourly,m4_hourly,monash_electricity_hourly,monash_electricity_hourly:validation,monash_electricity_hourly:validation,10,13,L12+LN,q1,fslot,shared_linear,v2,5,L5,0.274276,3.407651,False,False,False
PT-ID,Probe-OOD,PT-ID / Probe-OOD,monash_electricity_hourly,m4_hourly,monash_electricity_hourly,monash_electricity_hourly:validation,monash_electricity_hourly:validation,10,13,L12+LN,q1,fslot,shared_linear,v2,6,L6,0.280419,3.440279,False,False,False
PT-ID,Probe-OOD,PT-ID / Probe-OOD,monash_electricity_hourly,m4_hourly,monash_electricity_hourly,monash_electricity_hourly:validation,monash_electricity_hourly:validation,10,13,L12+LN,q1,fslot,shared_linear,v2,7,L7,0.281173,3.896997,False,False,False
PT-ID,Probe-OOD,PT-ID / Probe-OOD,monash_electricity_hourly,m4_hourly,monash_electricity_hourly,monash_electricity_hourly:validation,monash_electricity_hourly:validation,10,13,L12+LN,q1,fslot,shared_linear,v2,8,L8,0.287877,4.374386,False,False,False
PT-ID,Probe-OOD,PT-ID / Probe-OOD,monash_electricity_hourly,m4_hourly,monash_electricity_hourly,monash_electricity_hourly:validation,monash_electricity_hourly:validation,10,13,L12+LN,q1,fslot,shared_linear,v2,9,L9,0.276608,4.539286,False,False,False
PT-ID,Probe-OOD,PT-ID / Probe-OOD,monash_electricity_hourly,m4_hourly,monash_electricity_hourly,monash_electricity_hourly:validation,monash_electricity_hourly:validation,10,13,L12+LN,q1,fslot,shared_linear,v2,10,L10,0.274228,4.310025,False,False,True
PT-ID,Probe-OOD,PT-ID / Probe-OOD,monash_electricity_hourly,m4_hourly,monash_electricity_hourly,monash_electricity_hourly:validation,monash_electricity_hourly:validation,10,13,L12+LN,q1,fslot,shared_linear,v2,11,L11,0.246003,3.296413,False,False,True
PT-ID,Probe-OOD,PT-ID / Probe-OOD,monash_electricity_hourly,m4_hourly,monash_electricity_hourly,monash_electricity_hourly:validation,monash_electricity_hourly:validation,10,13,L12+LN,q1,fslot,shared_linear,v2,12,L12,0.234851,3.247208,False,False,True
PT-ID,Probe-OOD,PT-ID / Probe-OOD,monash_electricity_hourly,m4_hourly,monash_electricity_hourly,monash_electricity_hourly:validation,monash_electricity_hourly:validation,10,13,L12+LN,q1,fslot,shared_linear,v2,13,L12+LN,0.222503,2.207126,True,True,True
PT-ID,Probe-OOD,PT-ID / Probe-OOD,monash_electricity_hourly,wind_farms_hourly,monash_electricity_hourly,monash_electricity_hourly:validation,monash_electricity_hourly:validation,10,13,L12+LN,q1,fslot,shared_linear,v2,0,Emb,0.650837,5.826044,False,False,False
PT-ID,Probe-OOD,PT-ID / Probe-OOD,monash_electricity_hourly,wind_farms_hourly,monash_electricity_hourly,monash_electricity_hourly:validation,monash_electricity_hourly:validation,10,13,L12+LN,q1,fslot,shared_linear,v2,1,L1,0.597985,6.06553,False,False,False
PT-ID,Probe-OOD,PT-ID / Probe-OOD,monash_electricity_hourly,wind_farms_hourly,monash_electricity_hourly,monash_electricity_hourly:validation,monash_electricity_hourly:validation,10,13,L12+LN,q1,fslot,shared_linear,v2,2,L2,0.539762,6.198173,False,False,False
PT-ID,Probe-OOD,PT-ID / Probe-OOD,monash_electricity_hourly,wind_farms_hourly,monash_electricity_hourly,monash_electricity_hourly:validation,monash_electricity_hourly:validation,10,13,L12+LN,q1,fslot,shared_linear,v2,3,L3,0.440138,5.128979,False,False,False
PT-ID,Probe-OOD,PT-ID / Probe-OOD,monash_electricity_hourly,wind_farms_hourly,monash_electricity_hourly,monash_electricity_hourly:validation,monash_electricity_hourly:validation,10,13,L12+LN,q1,fslot,shared_linear,v2,4,L4,0.419972,5.009726,False,False,False
PT-ID,Probe-OOD,PT-ID / Probe-OOD,monash_electricity_hourly,wind_farms_hourly,monash_electricity_hourly,monash_electricity_hourly:validation,monash_electricity_hourly:validation,10,13,L12+LN,q1,fslot,shared_linear,v2,5,L5,0.410313,4.96612,False,False,False
PT-ID,Probe-OOD,PT-ID / Probe-OOD,monash_electricity_hourly,wind_farms_hourly,monash_electricity_hourly,monash_electricity_hourly:validation,monash_electricity_hourly:validation,10,13,L12+LN,q1,fslot,shared_linear,v2,6,L6,0.406064,4.883363,False,False,False
PT-ID,Probe-OOD,PT-ID / Probe-OOD,monash_electricity_hourly,wind_farms_hourly,monash_electricity_hourly,monash_electricity_hourly:validation,monash_electricity_hourly:validation,10,13,L12+LN,q1,fslot,shared_linear,v2,7,L7,0.391412,4.816503,False,False,False
PT-ID,Probe-OOD,PT-ID / Probe-OOD,monash_electricity_hourly,wind_farms_hourly,monash_electricity_hourly,monash_electricity_hourly:validation,monash_electricity_hourly:validation,10,13,L12+LN,q1,fslot,shared_linear,v2,8,L8,0.39063,4.819695,False,False,False
PT-ID,Probe-OOD,PT-ID / Probe-OOD,monash_electricity_hourly,wind_farms_hourly,monash_electricity_hourly,monash_electricity_hourly:validation,monash_electricity_hourly:validation,10,13,L12+LN,q1,fslot,shared_linear,v2,9,L9,0.387137,4.777244,False,False,False
PT-ID,Probe-OOD,PT-ID / Probe-OOD,monash_electricity_hourly,wind_farms_hourly,monash_electricity_hourly,monash_electricity_hourly:validation,monash_electricity_hourly:validation,10,13,L12+LN,q1,fslot,shared_linear,v2,10,L10,0.465976,6.276077,False,False,True
PT-ID,Probe-OOD,PT-ID / Probe-OOD,monash_electricity_hourly,wind_farms_hourly,monash_electricity_hourly,monash_electricity_hourly:validation,monash_electricity_hourly:validation,10,13,L12+LN,q1,fslot,shared_linear,v2,11,L11,0.434041,5.326996,False,False,True
PT-ID,Probe-OOD,PT-ID / Probe-OOD,monash_electricity_hourly,wind_farms_hourly,monash_electricity_hourly,monash_electricity_hourly:validation,monash_electricity_hourly:validation,10,13,L12+LN,q1,fslot,shared_linear,v2,12,L12,0.437826,5.151424,False,False,True
PT-ID,Probe-OOD,PT-ID / Probe-OOD,monash_electricity_hourly,wind_farms_hourly,monash_electricity_hourly,monash_electricity_hourly:validation,monash_electricity_hourly:validation,10,13,L12+LN,q1,fslot,shared_linear,v2,13,L12+LN,0.403242,4.75244,True,True,True
PT-ID,Probe-OOD,PT-ID / Probe-OOD,uber_tlc_hourly,monash_electricity_hourly,uber_tlc_hourly,uber_tlc_hourly:validation,uber_tlc_hourly:validation,3,9,L12+LN,q1,fslot,shared_linear,v2,0,Emb,0.7659,2.623641,False,False,False
PT-ID,Probe-OOD,PT-ID / Probe-OOD,uber_tlc_hourly,monash_electricity_hourly,uber_tlc_hourly,uber_tlc_hourly:validation,uber_tlc_hourly:validation,3,9,L12+LN,q1,fslot,shared_linear,v2,1,L1,0.646903,2.250944,False,False,False
PT-ID,Probe-OOD,PT-ID / Probe-OOD,uber_tlc_hourly,monash_electricity_hourly,uber_tlc_hourly,uber_tlc_hourly:validation,uber_tlc_hourly:validation,3,9,L12+LN,q1,fslot,shared_linear,v2,2,L2,0.518091,1.8424,False,False,False
PT-ID,Probe-OOD,PT-ID / Probe-OOD,uber_tlc_hourly,monash_electricity_hourly,uber_tlc_hourly,uber_tlc_hourly:validation,uber_tlc_hourly:validation,3,9,L12+LN,q1,fslot,shared_linear,v2,3,L3,0.395431,1.421242,False,False,True
PT-ID,Probe-OOD,PT-ID / Probe-OOD,uber_tlc_hourly,monash_electricity_hourly,uber_tlc_hourly,uber_tlc_hourly:validation,uber_tlc_hourly:validation,3,9,L12+LN,q1,fslot,shared_linear,v2,4,L4,0.369114,1.308764,False,False,True
PT-ID,Probe-OOD,PT-ID / Probe-OOD,uber_tlc_hourly,monash_electricity_hourly,uber_tlc_hourly,uber_tlc_hourly:validation,uber_tlc_hourly:validation,3,9,L12+LN,q1,fslot,shared_linear,v2,5,L5,0.360374,1.279991,False,False,True
PT-ID,Probe-OOD,PT-ID / Probe-OOD,uber_tlc_hourly,monash_electricity_hourly,uber_tlc_hourly,uber_tlc_hourly:validation,uber_tlc_hourly:validation,3,9,L12+LN,q1,fslot,shared_linear,v2,6,L6,0.367025,1.307537,False,False,True
PT-ID,Probe-OOD,PT-ID / Probe-OOD,uber_tlc_hourly,monash_electricity_hourly,uber_tlc_hourly,uber_tlc_hourly:validation,uber_tlc_hourly:validation,3,9,L12+LN,q1,fslot,shared_linear,v2,7,L7,0.343695,1.213051,False,False,True
PT-ID,Probe-OOD,PT-ID / Probe-OOD,uber_tlc_hourly,monash_electricity_hourly,uber_tlc_hourly,uber_tlc_hourly:validation,uber_tlc_hourly:validation,3,9,L12+LN,q1,fslot,shared_linear,v2,8,L8,0.349112,1.241079,False,False,True
PT-ID,Probe-OOD,PT-ID / Probe-OOD,uber_tlc_hourly,monash_electricity_hourly,uber_tlc_hourly,uber_tlc_hourly:validation,uber_tlc_hourly:validation,3,9,L12+LN,q1,fslot,shared_linear,v2,9,L9,0.349006,1.242674,True,False,True
PT-ID,Probe-OOD,PT-ID / Probe-OOD,uber_tlc_hourly,monash_electricity_hourly,uber_tlc_hourly,uber_tlc_hourly:validation,uber_tlc_hourly:validation,3,9,L12+LN,q1,fslot,shared_linear,v2,10,L10,0.333999,1.182314,False,False,True
PT-ID,Probe-OOD,PT-ID / Probe-OOD,uber_tlc_hourly,monash_electricity_hourly,uber_tlc_hourly,uber_tlc_hourly:validation,uber_tlc_hourly:validation,3,9,L12+LN,q1,fslot,shared_linear,v2,11,L11,0.350917,1.309477,False,False,True
PT-ID,Probe-OOD,PT-ID / Probe-OOD,uber_tlc_hourly,monash_electricity_hourly,uber_tlc_hourly,uber_tlc_hourly:validation,uber_tlc_hourly:validation,3,9,L12+LN,q1,fslot,shared_linear,v2,12,L12,0.336262,1.256285,False,False,True
PT-ID,Probe-OOD,PT-ID / Probe-OOD,uber_tlc_hourly,monash_electricity_hourly,uber_tlc_hourly,uber_tlc_hourly:validation,uber_tlc_hourly:validation,3,9,L12+LN,q1,fslot,shared_linear,v2,13,L12+LN,0.327485,1.201933,False,True,True
PT-ID,Probe-ID,PT-ID / Probe-ID,uber_tlc_hourly,uber_tlc_hourly,uber_tlc_hourly,uber_tlc_hourly:validation,uber_tlc_hourly:validation,3,9,L12+LN,q1,fslot,shared_linear,v2,0,Emb,0.704841,1.363055,False,False,False
PT-ID,Probe-ID,PT-ID / Probe-ID,uber_tlc_hourly,uber_tlc_hourly,uber_tlc_hourly,uber_tlc_hourly:validation,uber_tlc_hourly:validation,3,9,L12+LN,q1,fslot,shared_linear,v2,1,L1,0.659398,1.338675,False,False,False
PT-ID,Probe-ID,PT-ID / Probe-ID,uber_tlc_hourly,uber_tlc_hourly,uber_tlc_hourly,uber_tlc_hourly:validation,uber_tlc_hourly:validation,3,9,L12+LN,q1,fslot,shared_linear,v2,2,L2,0.595866,1.227566,False,False,False
PT-ID,Probe-ID,PT-ID / Probe-ID,uber_tlc_hourly,uber_tlc_hourly,uber_tlc_hourly,uber_tlc_hourly:validation,uber_tlc_hourly:validation,3,9,L12+LN,q1,fslot,shared_linear,v2,3,L3,0.501389,1.012096,False,False,True
PT-ID,Probe-ID,PT-ID / Probe-ID,uber_tlc_hourly,uber_tlc_hourly,uber_tlc_hourly,uber_tlc_hourly:validation,uber_tlc_hourly:validation,3,9,L12+LN,q1,fslot,shared_linear,v2,4,L4,0.486486,0.971335,False,False,True
PT-ID,Probe-ID,PT-ID / Probe-ID,uber_tlc_hourly,uber_tlc_hourly,uber_tlc_hourly,uber_tlc_hourly:validation,uber_tlc_hourly:validation,3,9,L12+LN,q1,fslot,shared_linear,v2,5,L5,0.473577,0.93816,False,False,True
PT-ID,Probe-ID,PT-ID / Probe-ID,uber_tlc_hourly,uber_tlc_hourly,uber_tlc_hourly,uber_tlc_hourly:validation,uber_tlc_hourly:validation,3,9,L12+LN,q1,fslot,shared_linear,v2,6,L6,0.470269,0.931282,False,False,True
PT-ID,Probe-ID,PT-ID / Probe-ID,uber_tlc_hourly,uber_tlc_hourly,uber_tlc_hourly,uber_tlc_hourly:validation,uber_tlc_hourly:validation,3,9,L12+LN,q1,fslot,shared_linear,v2,7,L7,0.462638,0.906085,False,False,True
PT-ID,Probe-ID,PT-ID / Probe-ID,uber_tlc_hourly,uber_tlc_hourly,uber_tlc_hourly,uber_tlc_hourly:validation,uber_tlc_hourly:validation,3,9,L12+LN,q1,fslot,shared_linear,v2,8,L8,0.461778,0.902092,False,False,True
PT-ID,Probe-ID,PT-ID / Probe-ID,uber_tlc_hourly,uber_tlc_hourly,uber_tlc_hourly,uber_tlc_hourly:validation,uber_tlc_hourly:validation,3,9,L12+LN,q1,fslot,shared_linear,v2,9,L9,0.460079,0.904931,True,False,True
PT-ID,Probe-ID,PT-ID / Probe-ID,uber_tlc_hourly,uber_tlc_hourly,uber_tlc_hourly,uber_tlc_hourly:validation,uber_tlc_hourly:validation,3,9,L12+LN,q1,fslot,shared_linear,v2,10,L10,0.468651,1.00707,False,False,True
PT-ID,Probe-ID,PT-ID / Probe-ID,uber_tlc_hourly,uber_tlc_hourly,uber_tlc_hourly,uber_tlc_hourly:validation,uber_tlc_hourly:validation,3,9,L12+LN,q1,fslot,shared_linear,v2,11,L11,0.472022,1.013143,False,False,True
PT-ID,Probe-ID,PT-ID / Probe-ID,uber_tlc_hourly,uber_tlc_hourly,uber_tlc_hourly,uber_tlc_hourly:validation,uber_tlc_hourly:validation,3,9,L12+LN,q1,fslot,shared_linear,v2,12,L12,0.469948,0.975854,False,False,True
PT-ID,Probe-ID,PT-ID / Probe-ID,uber_tlc_hourly,uber_tlc_hourly,uber_tlc_hourly,uber_tlc_hourly:validation,uber_tlc_hourly:validation,3,9,L12+LN,q1,fslot,shared_linear,v2,13,L12+LN,0.469398,0.951532,False,True,True
PT-ID,Probe-OOD,PT-ID / Probe-OOD,uber_tlc_hourly,m4_hourly,uber_tlc_hourly,uber_tlc_hourly:validation,uber_tlc_hourly:validation,3,9,L12+LN,q1,fslot,shared_linear,v2,0,Emb,0.792339,11.088235,False,False,False
PT-ID,Probe-OOD,PT-ID / Probe-OOD,uber_tlc_hourly,m4_hourly,uber_tlc_hourly,uber_tlc_hourly:validation,uber_tlc_hourly:validation,3,9,L12+LN,q1,fslot,shared_linear,v2,1,L1,0.669364,9.808513,False,False,False
PT-ID,Probe-OOD,PT-ID / Probe-OOD,uber_tlc_hourly,m4_hourly,uber_tlc_hourly,uber_tlc_hourly:validation,uber_tlc_hourly:validation,3,9,L12+LN,q1,fslot,shared_linear,v2,2,L2,0.443632,5.945529,False,False,False
PT-ID,Probe-OOD,PT-ID / Probe-OOD,uber_tlc_hourly,m4_hourly,uber_tlc_hourly,uber_tlc_hourly:validation,uber_tlc_hourly:validation,3,9,L12+LN,q1,fslot,shared_linear,v2,3,L3,0.353821,4.607284,False,False,True
PT-ID,Probe-OOD,PT-ID / Probe-OOD,uber_tlc_hourly,m4_hourly,uber_tlc_hourly,uber_tlc_hourly:validation,uber_tlc_hourly:validation,3,9,L12+LN,q1,fslot,shared_linear,v2,4,L4,0.326893,3.851646,False,False,True
PT-ID,Probe-OOD,PT-ID / Probe-OOD,uber_tlc_hourly,m4_hourly,uber_tlc_hourly,uber_tlc_hourly:validation,uber_tlc_hourly:validation,3,9,L12+LN,q1,fslot,shared_linear,v2,5,L5,0.319837,5.05304,False,False,True
PT-ID,Probe-OOD,PT-ID / Probe-OOD,uber_tlc_hourly,m4_hourly,uber_tlc_hourly,uber_tlc_hourly:validation,uber_tlc_hourly:validation,3,9,L12+LN,q1,fslot,shared_linear,v2,6,L6,0.321972,4.962724,False,False,True
PT-ID,Probe-OOD,PT-ID / Probe-OOD,uber_tlc_hourly,m4_hourly,uber_tlc_hourly,uber_tlc_hourly:validation,uber_tlc_hourly:validation,3,9,L12+LN,q1,fslot,shared_linear,v2,7,L7,0.323904,5.623628,False,False,True
PT-ID,Probe-OOD,PT-ID / Probe-OOD,uber_tlc_hourly,m4_hourly,uber_tlc_hourly,uber_tlc_hourly:validation,uber_tlc_hourly:validation,3,9,L12+LN,q1,fslot,shared_linear,v2,8,L8,0.33879,6.282697,False,False,True
PT-ID,Probe-OOD,PT-ID / Probe-OOD,uber_tlc_hourly,m4_hourly,uber_tlc_hourly,uber_tlc_hourly:validation,uber_tlc_hourly:validation,3,9,L12+LN,q1,fslot,shared_linear,v2,9,L9,0.335082,6.470318,True,False,True
PT-ID,Probe-OOD,PT-ID / Probe-OOD,uber_tlc_hourly,m4_hourly,uber_tlc_hourly,uber_tlc_hourly:validation,uber_tlc_hourly:validation,3,9,L12+LN,q1,fslot,shared_linear,v2,10,L10,0.337915,7.423393,False,False,True
PT-ID,Probe-OOD,PT-ID / Probe-OOD,uber_tlc_hourly,m4_hourly,uber_tlc_hourly,uber_tlc_hourly:validation,uber_tlc_hourly:validation,3,9,L12+LN,q1,fslot,shared_linear,v2,11,L11,0.33703,6.654937,False,False,True
PT-ID,Probe-OOD,PT-ID / Probe-OOD,uber_tlc_hourly,m4_hourly,uber_tlc_hourly,uber_tlc_hourly:validation,uber_tlc_hourly:validation,3,9,L12+LN,q1,fslot,shared_linear,v2,12,L12,0.292049,4.870263,False,False,True
PT-ID,Probe-OOD,PT-ID / Probe-OOD,uber_tlc_hourly,m4_hourly,uber_tlc_hourly,uber_tlc_hourly:validation,uber_tlc_hourly:validation,3,9,L12+LN,q1,fslot,shared_linear,v2,13,L12+LN,0.26696,3.309813,False,True,True
PT-ID,Probe-OOD,PT-ID / Probe-OOD,uber_tlc_hourly,wind_farms_hourly,uber_tlc_hourly,uber_tlc_hourly:validation,uber_tlc_hourly:validation,3,9,L12+LN,q1,fslot,shared_linear,v2,0,Emb,0.561156,5.533156,False,False,False
PT-ID,Probe-OOD,PT-ID / Probe-OOD,uber_tlc_hourly,wind_farms_hourly,uber_tlc_hourly,uber_tlc_hourly:validation,uber_tlc_hourly:validation,3,9,L12+LN,q1,fslot,shared_linear,v2,1,L1,0.606785,5.997076,False,False,False
PT-ID,Probe-OOD,PT-ID / Probe-OOD,uber_tlc_hourly,wind_farms_hourly,uber_tlc_hourly,uber_tlc_hourly:validation,uber_tlc_hourly:validation,3,9,L12+LN,q1,fslot,shared_linear,v2,2,L2,0.549331,5.809652,False,False,False
PT-ID,Probe-OOD,PT-ID / Probe-OOD,uber_tlc_hourly,wind_farms_hourly,uber_tlc_hourly,uber_tlc_hourly:validation,uber_tlc_hourly:validation,3,9,L12+LN,q1,fslot,shared_linear,v2,3,L3,0.4884,5.301638,False,False,True
PT-ID,Probe-OOD,PT-ID / Probe-OOD,uber_tlc_hourly,wind_farms_hourly,uber_tlc_hourly,uber_tlc_hourly:validation,uber_tlc_hourly:validation,3,9,L12+LN,q1,fslot,shared_linear,v2,4,L4,0.450293,5.087556,False,False,True
PT-ID,Probe-OOD,PT-ID / Probe-OOD,uber_tlc_hourly,wind_farms_hourly,uber_tlc_hourly,uber_tlc_hourly:validation,uber_tlc_hourly:validation,3,9,L12+LN,q1,fslot,shared_linear,v2,5,L5,0.435041,5.018161,False,False,True
PT-ID,Probe-OOD,PT-ID / Probe-OOD,uber_tlc_hourly,wind_farms_hourly,uber_tlc_hourly,uber_tlc_hourly:validation,uber_tlc_hourly:validation,3,9,L12+LN,q1,fslot,shared_linear,v2,6,L6,0.440893,5.003894,False,False,True
PT-ID,Probe-OOD,PT-ID / Probe-OOD,uber_tlc_hourly,wind_farms_hourly,uber_tlc_hourly,uber_tlc_hourly:validation,uber_tlc_hourly:validation,3,9,L12+LN,q1,fslot,shared_linear,v2,7,L7,0.429521,4.952174,False,False,True
PT-ID,Probe-OOD,PT-ID / Probe-OOD,uber_tlc_hourly,wind_farms_hourly,uber_tlc_hourly,uber_tlc_hourly:validation,uber_tlc_hourly:validation,3,9,L12+LN,q1,fslot,shared_linear,v2,8,L8,0.438832,4.953809,False,False,True
PT-ID,Probe-OOD,PT-ID / Probe-OOD,uber_tlc_hourly,wind_farms_hourly,uber_tlc_hourly,uber_tlc_hourly:validation,uber_tlc_hourly:validation,3,9,L12+LN,q1,fslot,shared_linear,v2,9,L9,0.428443,4.927498,True,False,True
PT-ID,Probe-OOD,PT-ID / Probe-OOD,uber_tlc_hourly,wind_farms_hourly,uber_tlc_hourly,uber_tlc_hourly:validation,uber_tlc_hourly:validation,3,9,L12+LN,q1,fslot,shared_linear,v2,10,L10,0.441854,5.210878,False,False,True
PT-ID,Probe-OOD,PT-ID / Probe-OOD,uber_tlc_hourly,wind_farms_hourly,uber_tlc_hourly,uber_tlc_hourly:validation,uber_tlc_hourly:validation,3,9,L12+LN,q1,fslot,shared_linear,v2,11,L11,0.47781,5.403074,False,False,True
PT-ID,Probe-OOD,PT-ID / Probe-OOD,uber_tlc_hourly,wind_farms_hourly,uber_tlc_hourly,uber_tlc_hourly:validation,uber_tlc_hourly:validation,3,9,L12+LN,q1,fslot,shared_linear,v2,12,L12,0.469114,5.231115,False,False,True
PT-ID,Probe-OOD,PT-ID / Probe-OOD,uber_tlc_hourly,wind_farms_hourly,uber_tlc_hourly,uber_tlc_hourly:validation,uber_tlc_hourly:validation,3,9,L12+LN,q1,fslot,shared_linear,v2,13,L12+LN,0.455588,5.049404,False,True,True
PT-ID,Probe-OOD,PT-ID / Probe-OOD,m4_hourly,monash_electricity_hourly,m4_hourly,m4_hourly:validation,m4_hourly:validation,3,12,L12+LN,q1,fslot,shared_linear,v2,0,Emb,0.687394,2.380906,False,False,False
PT-ID,Probe-OOD,PT-ID / Probe-OOD,m4_hourly,monash_electricity_hourly,m4_hourly,m4_hourly:validation,m4_hourly:validation,3,12,L12+LN,q1,fslot,shared_linear,v2,1,L1,0.663042,2.457132,False,False,False
PT-ID,Probe-OOD,PT-ID / Probe-OOD,m4_hourly,monash_electricity_hourly,m4_hourly,m4_hourly:validation,m4_hourly:validation,3,12,L12+LN,q1,fslot,shared_linear,v2,2,L2,0.461336,1.623118,False,False,False
PT-ID,Probe-OOD,PT-ID / Probe-OOD,m4_hourly,monash_electricity_hourly,m4_hourly,m4_hourly:validation,m4_hourly:validation,3,12,L12+LN,q1,fslot,shared_linear,v2,3,L3,0.38144,1.329058,False,False,True
PT-ID,Probe-OOD,PT-ID / Probe-OOD,m4_hourly,monash_electricity_hourly,m4_hourly,m4_hourly:validation,m4_hourly:validation,3,12,L12+LN,q1,fslot,shared_linear,v2,4,L4,0.366689,1.280908,False,False,True
PT-ID,Probe-OOD,PT-ID / Probe-OOD,m4_hourly,monash_electricity_hourly,m4_hourly,m4_hourly:validation,m4_hourly:validation,3,12,L12+LN,q1,fslot,shared_linear,v2,5,L5,0.352246,1.241017,False,False,True
PT-ID,Probe-OOD,PT-ID / Probe-OOD,m4_hourly,monash_electricity_hourly,m4_hourly,m4_hourly:validation,m4_hourly:validation,3,12,L12+LN,q1,fslot,shared_linear,v2,6,L6,0.363177,1.282775,False,False,True
PT-ID,Probe-OOD,PT-ID / Probe-OOD,m4_hourly,monash_electricity_hourly,m4_hourly,m4_hourly:validation,m4_hourly:validation,3,12,L12+LN,q1,fslot,shared_linear,v2,7,L7,0.369674,1.306455,False,False,True
PT-ID,Probe-OOD,PT-ID / Probe-OOD,m4_hourly,monash_electricity_hourly,m4_hourly,m4_hourly:validation,m4_hourly:validation,3,12,L12+LN,q1,fslot,shared_linear,v2,8,L8,0.368283,1.308368,False,False,True
PT-ID,Probe-OOD,PT-ID / Probe-OOD,m4_hourly,monash_electricity_hourly,m4_hourly,m4_hourly:validation,m4_hourly:validation,3,12,L12+LN,q1,fslot,shared_linear,v2,9,L9,0.351895,1.247277,False,False,True
PT-ID,Probe-OOD,PT-ID / Probe-OOD,m4_hourly,monash_electricity_hourly,m4_hourly,m4_hourly:validation,m4_hourly:validation,3,12,L12+LN,q1,fslot,shared_linear,v2,10,L10,0.34658,1.235518,False,False,True
PT-ID,Probe-OOD,PT-ID / Probe-OOD,m4_hourly,monash_electricity_hourly,m4_hourly,m4_hourly:validation,m4_hourly:validation,3,12,L12+LN,q1,fslot,shared_linear,v2,11,L11,0.330226,1.186876,False,False,True
PT-ID,Probe-OOD,PT-ID / Probe-OOD,m4_hourly,monash_electricity_hourly,m4_hourly,m4_hourly:validation,m4_hourly:validation,3,12,L12+LN,q1,fslot,shared_linear,v2,12,L12,0.308655,1.10795,True,False,True
PT-ID,Probe-OOD,PT-ID / Probe-OOD,m4_hourly,monash_electricity_hourly,m4_hourly,m4_hourly:validation,m4_hourly:validation,3,12,L12+LN,q1,fslot,shared_linear,v2,13,L12+LN,0.300017,1.076233,False,True,True
PT-ID,Probe-OOD,PT-ID / Probe-OOD,m4_hourly,uber_tlc_hourly,m4_hourly,m4_hourly:validation,m4_hourly:validation,3,12,L12+LN,q1,fslot,shared_linear,v2,0,Emb,0.740817,1.474791,False,False,False
PT-ID,Probe-OOD,PT-ID / Probe-OOD,m4_hourly,uber_tlc_hourly,m4_hourly,m4_hourly:validation,m4_hourly:validation,3,12,L12+LN,q1,fslot,shared_linear,v2,1,L1,0.880032,2.355012,False,False,False
PT-ID,Probe-OOD,PT-ID / Probe-OOD,m4_hourly,uber_tlc_hourly,m4_hourly,m4_hourly:validation,m4_hourly:validation,3,12,L12+LN,q1,fslot,shared_linear,v2,2,L2,0.700323,1.917044,False,False,False
PT-ID,Probe-OOD,PT-ID / Probe-OOD,m4_hourly,uber_tlc_hourly,m4_hourly,m4_hourly:validation,m4_hourly:validation,3,12,L12+LN,q1,fslot,shared_linear,v2,3,L3,0.595359,1.3263,False,False,True
PT-ID,Probe-OOD,PT-ID / Probe-OOD,m4_hourly,uber_tlc_hourly,m4_hourly,m4_hourly:validation,m4_hourly:validation,3,12,L12+LN,q1,fslot,shared_linear,v2,4,L4,0.578794,1.187076,False,False,True
PT-ID,Probe-OOD,PT-ID / Probe-OOD,m4_hourly,uber_tlc_hourly,m4_hourly,m4_hourly:validation,m4_hourly:validation,3,12,L12+LN,q1,fslot,shared_linear,v2,5,L5,0.531217,1.101236,False,False,True
PT-ID,Probe-OOD,PT-ID / Probe-OOD,m4_hourly,uber_tlc_hourly,m4_hourly,m4_hourly:validation,m4_hourly:validation,3,12,L12+LN,q1,fslot,shared_linear,v2,6,L6,0.520923,1.061245,False,False,True
PT-ID,Probe-OOD,PT-ID / Probe-OOD,m4_hourly,uber_tlc_hourly,m4_hourly,m4_hourly:validation,m4_hourly:validation,3,12,L12+LN,q1,fslot,shared_linear,v2,7,L7,0.506683,1.030434,False,False,True
PT-ID,Probe-OOD,PT-ID / Probe-OOD,m4_hourly,uber_tlc_hourly,m4_hourly,m4_hourly:validation,m4_hourly:validation,3,12,L12+LN,q1,fslot,shared_linear,v2,8,L8,0.505046,1.019684,False,False,True
PT-ID,Probe-OOD,PT-ID / Probe-OOD,m4_hourly,uber_tlc_hourly,m4_hourly,m4_hourly:validation,m4_hourly:validation,3,12,L12+LN,q1,fslot,shared_linear,v2,9,L9,0.49553,1.019385,False,False,True
PT-ID,Probe-OOD,PT-ID / Probe-OOD,m4_hourly,uber_tlc_hourly,m4_hourly,m4_hourly:validation,m4_hourly:validation,3,12,L12+LN,q1,fslot,shared_linear,v2,10,L10,0.508113,1.914518,False,False,True
PT-ID,Probe-OOD,PT-ID / Probe-OOD,m4_hourly,uber_tlc_hourly,m4_hourly,m4_hourly:validation,m4_hourly:validation,3,12,L12+LN,q1,fslot,shared_linear,v2,11,L11,0.540538,5.600956,False,False,True
PT-ID,Probe-OOD,PT-ID / Probe-OOD,m4_hourly,uber_tlc_hourly,m4_hourly,m4_hourly:validation,m4_hourly:validation,3,12,L12+LN,q1,fslot,shared_linear,v2,12,L12,0.512146,1.319419,True,False,True
PT-ID,Probe-OOD,PT-ID / Probe-OOD,m4_hourly,uber_tlc_hourly,m4_hourly,m4_hourly:validation,m4_hourly:validation,3,12,L12+LN,q1,fslot,shared_linear,v2,13,L12+LN,0.482781,0.994583,False,True,True
PT-ID,Probe-ID,PT-ID / Probe-ID,m4_hourly,m4_hourly,m4_hourly,m4_hourly:validation,m4_hourly:validation,3,12,L12+LN,q1,fslot,shared_linear,v2,0,Emb,0.748955,9.919757,False,False,False
PT-ID,Probe-ID,PT-ID / Probe-ID,m4_hourly,m4_hourly,m4_hourly,m4_hourly:validation,m4_hourly:validation,3,12,L12+LN,q1,fslot,shared_linear,v2,1,L1,0.516786,5.964645,False,False,False
PT-ID,Probe-ID,PT-ID / Probe-ID,m4_hourly,m4_hourly,m4_hourly,m4_hourly:validation,m4_hourly:validation,3,12,L12+LN,q1,fslot,shared_linear,v2,2,L2,0.301117,2.762908,False,False,False
PT-ID,Probe-ID,PT-ID / Probe-ID,m4_hourly,m4_hourly,m4_hourly,m4_hourly:validation,m4_hourly:validation,3,12,L12+LN,q1,fslot,shared_linear,v2,3,L3,0.275506,2.808769,False,False,True
PT-ID,Probe-ID,PT-ID / Probe-ID,m4_hourly,m4_hourly,m4_hourly,m4_hourly:validation,m4_hourly:validation,3,12,L12+LN,q1,fslot,shared_linear,v2,4,L4,0.27489,2.946405,False,False,True
PT-ID,Probe-ID,PT-ID / Probe-ID,m4_hourly,m4_hourly,m4_hourly,m4_hourly:validation,m4_hourly:validation,3,12,L12+LN,q1,fslot,shared_linear,v2,5,L5,0.268908,3.499963,False,False,True
PT-ID,Probe-ID,PT-ID / Probe-ID,m4_hourly,m4_hourly,m4_hourly,m4_hourly:validation,m4_hourly:validation,3,12,L12+LN,q1,fslot,shared_linear,v2,6,L6,0.269314,3.409596,False,False,True
PT-ID,Probe-ID,PT-ID / Probe-ID,m4_hourly,m4_hourly,m4_hourly,m4_hourly:validation,m4_hourly:validation,3,12,L12+LN,q1,fslot,shared_linear,v2,7,L7,0.271888,3.531527,False,False,True
PT-ID,Probe-ID,PT-ID / Probe-ID,m4_hourly,m4_hourly,m4_hourly,m4_hourly:validation,m4_hourly:validation,3,12,L12+LN,q1,fslot,shared_linear,v2,8,L8,0.26657,3.253297,False,False,True
PT-ID,Probe-ID,PT-ID / Probe-ID,m4_hourly,m4_hourly,m4_hourly,m4_hourly:validation,m4_hourly:validation,3,12,L12+LN,q1,fslot,shared_linear,v2,9,L9,0.275446,3.794053,False,False,True
PT-ID,Probe-ID,PT-ID / Probe-ID,m4_hourly,m4_hourly,m4_hourly,m4_hourly:validation,m4_hourly:validation,3,12,L12+LN,q1,fslot,shared_linear,v2,10,L10,0.27795,3.962359,False,False,True
PT-ID,Probe-ID,PT-ID / Probe-ID,m4_hourly,m4_hourly,m4_hourly,m4_hourly:validation,m4_hourly:validation,3,12,L12+LN,q1,fslot,shared_linear,v2,11,L11,0.277336,3.992005,False,False,True
PT-ID,Probe-ID,PT-ID / Probe-ID,m4_hourly,m4_hourly,m4_hourly,m4_hourly:validation,m4_hourly:validation,3,12,L12+LN,q1,fslot,shared_linear,v2,12,L12,0.269901,3.932878,True,False,True
PT-ID,Probe-ID,PT-ID / Probe-ID,m4_hourly,m4_hourly,m4_hourly,m4_hourly:validation,m4_hourly:validation,3,12,L12+LN,q1,fslot,shared_linear,v2,13,L12+LN,0.269541,3.512575,False,True,True
PT-ID,Probe-OOD,PT-ID / Probe-OOD,m4_hourly,wind_farms_hourly,m4_hourly,m4_hourly:validation,m4_hourly:validation,3,12,L12+LN,q1,fslot,shared_linear,v2,0,Emb,0.698546,6.030795,False,False,False
PT-ID,Probe-OOD,PT-ID / Probe-OOD,m4_hourly,wind_farms_hourly,m4_hourly,m4_hourly:validation,m4_hourly:validation,3,12,L12+LN,q1,fslot,shared_linear,v2,1,L1,0.996783,19.408548,False,False,False
PT-ID,Probe-OOD,PT-ID / Probe-OOD,m4_hourly,wind_farms_hourly,m4_hourly,m4_hourly:validation,m4_hourly:validation,3,12,L12+LN,q1,fslot,shared_linear,v2,2,L2,0.690349,8.049344,False,False,False
PT-ID,Probe-OOD,PT-ID / Probe-OOD,m4_hourly,wind_farms_hourly,m4_hourly,m4_hourly:validation,m4_hourly:validation,3,12,L12+LN,q1,fslot,shared_linear,v2,3,L3,0.547275,5.989422,False,False,True
PT-ID,Probe-OOD,PT-ID / Probe-OOD,m4_hourly,wind_farms_hourly,m4_hourly,m4_hourly:validation,m4_hourly:validation,3,12,L12+LN,q1,fslot,shared_linear,v2,4,L4,0.505688,5.453359,False,False,True
PT-ID,Probe-OOD,PT-ID / Probe-OOD,m4_hourly,wind_farms_hourly,m4_hourly,m4_hourly:validation,m4_hourly:validation,3,12,L12+LN,q1,fslot,shared_linear,v2,5,L5,0.485573,5.334128,False,False,True
PT-ID,Probe-OOD,PT-ID / Probe-OOD,m4_hourly,wind_farms_hourly,m4_hourly,m4_hourly:validation,m4_hourly:validation,3,12,L12+LN,q1,fslot,shared_linear,v2,6,L6,0.469955,5.203807,False,False,True
PT-ID,Probe-OOD,PT-ID / Probe-OOD,m4_hourly,wind_farms_hourly,m4_hourly,m4_hourly:validation,m4_hourly:validation,3,12,L12+LN,q1,fslot,shared_linear,v2,7,L7,0.470873,5.184975,False,False,True
PT-ID,Probe-OOD,PT-ID / Probe-OOD,m4_hourly,wind_farms_hourly,m4_hourly,m4_hourly:validation,m4_hourly:validation,3,12,L12+LN,q1,fslot,shared_linear,v2,8,L8,0.476673,5.188045,False,False,True
PT-ID,Probe-OOD,PT-ID / Probe-OOD,m4_hourly,wind_farms_hourly,m4_hourly,m4_hourly:validation,m4_hourly:validation,3,12,L12+LN,q1,fslot,shared_linear,v2,9,L9,0.484129,5.23409,False,False,True
PT-ID,Probe-OOD,PT-ID / Probe-OOD,m4_hourly,wind_farms_hourly,m4_hourly,m4_hourly:validation,m4_hourly:validation,3,12,L12+LN,q1,fslot,shared_linear,v2,10,L10,0.523976,7.526913,False,False,True
PT-ID,Probe-OOD,PT-ID / Probe-OOD,m4_hourly,wind_farms_hourly,m4_hourly,m4_hourly:validation,m4_hourly:validation,3,12,L12+LN,q1,fslot,shared_linear,v2,11,L11,0.652636,17.881521,False,False,True
PT-ID,Probe-OOD,PT-ID / Probe-OOD,m4_hourly,wind_farms_hourly,m4_hourly,m4_hourly:validation,m4_hourly:validation,3,12,L12+LN,q1,fslot,shared_linear,v2,12,L12,0.540391,6.228113,True,False,True
PT-ID,Probe-OOD,PT-ID / Probe-OOD,m4_hourly,wind_farms_hourly,m4_hourly,m4_hourly:validation,m4_hourly:validation,3,12,L12+LN,q1,fslot,shared_linear,v2,13,L12+LN,0.456341,5.069601,False,True,True
PT-ID,Probe-OOD,PT-ID / Probe-OOD,wind_farms_hourly,monash_electricity_hourly,wind_farms_hourly,wind_farms_hourly:validation,wind_farms_hourly:validation,3,5,L12+LN,q1,fslot,shared_linear,v2,0,Emb,0.800464,2.734644,False,False,False
PT-ID,Probe-OOD,PT-ID / Probe-OOD,wind_farms_hourly,monash_electricity_hourly,wind_farms_hourly,wind_farms_hourly:validation,wind_farms_hourly:validation,3,5,L12+LN,q1,fslot,shared_linear,v2,1,L1,0.697002,2.383128,False,False,False
PT-ID,Probe-OOD,PT-ID / Probe-OOD,wind_farms_hourly,monash_electricity_hourly,wind_farms_hourly,wind_farms_hourly:validation,wind_farms_hourly:validation,3,5,L12+LN,q1,fslot,shared_linear,v2,2,L2,0.463949,1.613382,False,False,False
PT-ID,Probe-OOD,PT-ID / Probe-OOD,wind_farms_hourly,monash_electricity_hourly,wind_farms_hourly,wind_farms_hourly:validation,wind_farms_hourly:validation,3,5,L12+LN,q1,fslot,shared_linear,v2,3,L3,0.364296,1.296693,False,False,True
PT-ID,Probe-OOD,PT-ID / Probe-OOD,wind_farms_hourly,monash_electricity_hourly,wind_farms_hourly,wind_farms_hourly:validation,wind_farms_hourly:validation,3,5,L12+LN,q1,fslot,shared_linear,v2,4,L4,0.354036,1.247012,False,False,True
PT-ID,Probe-OOD,PT-ID / Probe-OOD,wind_farms_hourly,monash_electricity_hourly,wind_farms_hourly,wind_farms_hourly:validation,wind_farms_hourly:validation,3,5,L12+LN,q1,fslot,shared_linear,v2,5,L5,0.346641,1.229491,True,False,True
PT-ID,Probe-OOD,PT-ID / Probe-OOD,wind_farms_hourly,monash_electricity_hourly,wind_farms_hourly,wind_farms_hourly:validation,wind_farms_hourly:validation,3,5,L12+LN,q1,fslot,shared_linear,v2,6,L6,0.346251,1.210011,False,False,True
PT-ID,Probe-OOD,PT-ID / Probe-OOD,wind_farms_hourly,monash_electricity_hourly,wind_farms_hourly,wind_farms_hourly:validation,wind_farms_hourly:validation,3,5,L12+LN,q1,fslot,shared_linear,v2,7,L7,0.327424,1.176197,False,False,True
PT-ID,Probe-OOD,PT-ID / Probe-OOD,wind_farms_hourly,monash_electricity_hourly,wind_farms_hourly,wind_farms_hourly:validation,wind_farms_hourly:validation,3,5,L12+LN,q1,fslot,shared_linear,v2,8,L8,0.337596,1.231929,False,False,True
PT-ID,Probe-OOD,PT-ID / Probe-OOD,wind_farms_hourly,monash_electricity_hourly,wind_farms_hourly,wind_farms_hourly:validation,wind_farms_hourly:validation,3,5,L12+LN,q1,fslot,shared_linear,v2,9,L9,0.339386,1.253555,False,False,True
PT-ID,Probe-OOD,PT-ID / Probe-OOD,wind_farms_hourly,monash_electricity_hourly,wind_farms_hourly,wind_farms_hourly:validation,wind_farms_hourly:validation,3,5,L12+LN,q1,fslot,shared_linear,v2,10,L10,0.345387,1.241281,False,False,True
PT-ID,Probe-OOD,PT-ID / Probe-OOD,wind_farms_hourly,monash_electricity_hourly,wind_farms_hourly,wind_farms_hourly:validation,wind_farms_hourly:validation,3,5,L12+LN,q1,fslot,shared_linear,v2,11,L11,0.342531,1.225908,False,False,True
PT-ID,Probe-OOD,PT-ID / Probe-OOD,wind_farms_hourly,monash_electricity_hourly,wind_farms_hourly,wind_farms_hourly:validation,wind_farms_hourly:validation,3,5,L12+LN,q1,fslot,shared_linear,v2,12,L12,0.326167,1.200101,False,False,True
PT-ID,Probe-OOD,PT-ID / Probe-OOD,wind_farms_hourly,monash_electricity_hourly,wind_farms_hourly,wind_farms_hourly:validation,wind_farms_hourly:validation,3,5,L12+LN,q1,fslot,shared_linear,v2,13,L12+LN,0.302115,1.076338,False,True,True
PT-ID,Probe-OOD,PT-ID / Probe-OOD,wind_farms_hourly,uber_tlc_hourly,wind_farms_hourly,wind_farms_hourly:validation,wind_farms_hourly:validation,3,5,L12+LN,q1,fslot,shared_linear,v2,0,Emb,0.704631,1.367326,False,False,False
PT-ID,Probe-OOD,PT-ID / Probe-OOD,wind_farms_hourly,uber_tlc_hourly,wind_farms_hourly,wind_farms_hourly:validation,wind_farms_hourly:validation,3,5,L12+LN,q1,fslot,shared_linear,v2,1,L1,0.696913,1.352701,False,False,False
PT-ID,Probe-OOD,PT-ID / Probe-OOD,wind_farms_hourly,uber_tlc_hourly,wind_farms_hourly,wind_farms_hourly:validation,wind_farms_hourly:validation,3,5,L12+LN,q1,fslot,shared_linear,v2,2,L2,0.628022,1.237205,False,False,False
PT-ID,Probe-OOD,PT-ID / Probe-OOD,wind_farms_hourly,uber_tlc_hourly,wind_farms_hourly,wind_farms_hourly:validation,wind_farms_hourly:validation,3,5,L12+LN,q1,fslot,shared_linear,v2,3,L3,0.629681,1.216502,False,False,True
PT-ID,Probe-OOD,PT-ID / Probe-OOD,wind_farms_hourly,uber_tlc_hourly,wind_farms_hourly,wind_farms_hourly:validation,wind_farms_hourly:validation,3,5,L12+LN,q1,fslot,shared_linear,v2,4,L4,0.59302,1.146156,False,False,True
PT-ID,Probe-OOD,PT-ID / Probe-OOD,wind_farms_hourly,uber_tlc_hourly,wind_farms_hourly,wind_farms_hourly:validation,wind_farms_hourly:validation,3,5,L12+LN,q1,fslot,shared_linear,v2,5,L5,0.574226,1.101679,True,False,True
PT-ID,Probe-OOD,PT-ID / Probe-OOD,wind_farms_hourly,uber_tlc_hourly,wind_farms_hourly,wind_farms_hourly:validation,wind_farms_hourly:validation,3,5,L12+LN,q1,fslot,shared_linear,v2,6,L6,0.588565,1.121307,False,False,True
PT-ID,Probe-OOD,PT-ID / Probe-OOD,wind_farms_hourly,uber_tlc_hourly,wind_farms_hourly,wind_farms_hourly:validation,wind_farms_hourly:validation,3,5,L12+LN,q1,fslot,shared_linear,v2,7,L7,0.550673,1.05189,False,False,True
PT-ID,Probe-OOD,PT-ID / Probe-OOD,wind_farms_hourly,uber_tlc_hourly,wind_farms_hourly,wind_farms_hourly:validation,wind_farms_hourly:validation,3,5,L12+LN,q1,fslot,shared_linear,v2,8,L8,0.523805,1.01392,False,False,True
PT-ID,Probe-OOD,PT-ID / Probe-OOD,wind_farms_hourly,uber_tlc_hourly,wind_farms_hourly,wind_farms_hourly:validation,wind_farms_hourly:validation,3,5,L12+LN,q1,fslot,shared_linear,v2,9,L9,0.539505,1.050196,False,False,True
PT-ID,Probe-OOD,PT-ID / Probe-OOD,wind_farms_hourly,uber_tlc_hourly,wind_farms_hourly,wind_farms_hourly:validation,wind_farms_hourly:validation,3,5,L12+LN,q1,fslot,shared_linear,v2,10,L10,0.541117,1.125087,False,False,True
PT-ID,Probe-OOD,PT-ID / Probe-OOD,wind_farms_hourly,uber_tlc_hourly,wind_farms_hourly,wind_farms_hourly:validation,wind_farms_hourly:validation,3,5,L12+LN,q1,fslot,shared_linear,v2,11,L11,0.492153,1.038557,False,False,True
PT-ID,Probe-OOD,PT-ID / Probe-OOD,wind_farms_hourly,uber_tlc_hourly,wind_farms_hourly,wind_farms_hourly:validation,wind_farms_hourly:validation,3,5,L12+LN,q1,fslot,shared_linear,v2,12,L12,0.478944,1.003881,False,False,True
PT-ID,Probe-OOD,PT-ID / Probe-OOD,wind_farms_hourly,uber_tlc_hourly,wind_farms_hourly,wind_farms_hourly:validation,wind_farms_hourly:validation,3,5,L12+LN,q1,fslot,shared_linear,v2,13,L12+LN,0.476886,0.958418,False,True,True
PT-ID,Probe-OOD,PT-ID / Probe-OOD,wind_farms_hourly,m4_hourly,wind_farms_hourly,wind_farms_hourly:validation,wind_farms_hourly:validation,3,5,L12+LN,q1,fslot,shared_linear,v2,0,Emb,0.811957,11.417688,False,False,False
PT-ID,Probe-OOD,PT-ID / Probe-OOD,wind_farms_hourly,m4_hourly,wind_farms_hourly,wind_farms_hourly:validation,wind_farms_hourly:validation,3,5,L12+LN,q1,fslot,shared_linear,v2,1,L1,0.688001,9.761589,False,False,False
PT-ID,Probe-OOD,PT-ID / Probe-OOD,wind_farms_hourly,m4_hourly,wind_farms_hourly,wind_farms_hourly:validation,wind_farms_hourly:validation,3,5,L12+LN,q1,fslot,shared_linear,v2,2,L2,0.419363,5.608675,False,False,False
PT-ID,Probe-OOD,PT-ID / Probe-OOD,wind_farms_hourly,m4_hourly,wind_farms_hourly,wind_farms_hourly:validation,wind_farms_hourly:validation,3,5,L12+LN,q1,fslot,shared_linear,v2,3,L3,0.368736,4.752175,False,False,True
PT-ID,Probe-OOD,PT-ID / Probe-OOD,wind_farms_hourly,m4_hourly,wind_farms_hourly,wind_farms_hourly:validation,wind_farms_hourly:validation,3,5,L12+LN,q1,fslot,shared_linear,v2,4,L4,0.330044,4.005666,False,False,True
PT-ID,Probe-OOD,PT-ID / Probe-OOD,wind_farms_hourly,m4_hourly,wind_farms_hourly,wind_farms_hourly:validation,wind_farms_hourly:validation,3,5,L12+LN,q1,fslot,shared_linear,v2,5,L5,0.338563,5.52592,True,False,True
PT-ID,Probe-OOD,PT-ID / Probe-OOD,wind_farms_hourly,m4_hourly,wind_farms_hourly,wind_farms_hourly:validation,wind_farms_hourly:validation,3,5,L12+LN,q1,fslot,shared_linear,v2,6,L6,0.310629,5.035295,False,False,True
PT-ID,Probe-OOD,PT-ID / Probe-OOD,wind_farms_hourly,m4_hourly,wind_farms_hourly,wind_farms_hourly:validation,wind_farms_hourly:validation,3,5,L12+LN,q1,fslot,shared_linear,v2,7,L7,0.34972,8.373689,False,False,True
PT-ID,Probe-OOD,PT-ID / Probe-OOD,wind_farms_hourly,m4_hourly,wind_farms_hourly,wind_farms_hourly:validation,wind_farms_hourly:validation,3,5,L12+LN,q1,fslot,shared_linear,v2,8,L8,0.367881,10.046729,False,False,True
PT-ID,Probe-OOD,PT-ID / Probe-OOD,wind_farms_hourly,m4_hourly,wind_farms_hourly,wind_farms_hourly:validation,wind_farms_hourly:validation,3,5,L12+LN,q1,fslot,shared_linear,v2,9,L9,0.34675,8.217355,False,False,True
PT-ID,Probe-OOD,PT-ID / Probe-OOD,wind_farms_hourly,m4_hourly,wind_farms_hourly,wind_farms_hourly:validation,wind_farms_hourly:validation,3,5,L12+LN,q1,fslot,shared_linear,v2,10,L10,0.34313,7.113979,False,False,True
PT-ID,Probe-OOD,PT-ID / Probe-OOD,wind_farms_hourly,m4_hourly,wind_farms_hourly,wind_farms_hourly:validation,wind_farms_hourly:validation,3,5,L12+LN,q1,fslot,shared_linear,v2,11,L11,0.287917,4.461447,False,False,True
PT-ID,Probe-OOD,PT-ID / Probe-OOD,wind_farms_hourly,m4_hourly,wind_farms_hourly,wind_farms_hourly:validation,wind_farms_hourly:validation,3,5,L12+LN,q1,fslot,shared_linear,v2,12,L12,0.281373,4.334168,False,False,True
PT-ID,Probe-OOD,PT-ID / Probe-OOD,wind_farms_hourly,m4_hourly,wind_farms_hourly,wind_farms_hourly:validation,wind_farms_hourly:validation,3,5,L12+LN,q1,fslot,shared_linear,v2,13,L12+LN,0.247516,2.879896,False,True,True
PT-ID,Probe-ID,PT-ID / Probe-ID,wind_farms_hourly,wind_farms_hourly,wind_farms_hourly,wind_farms_hourly:validation,wind_farms_hourly:validation,3,5,L12+LN,q1,fslot,shared_linear,v2,0,Emb,0.565729,5.556093,False,False,False
PT-ID,Probe-ID,PT-ID / Probe-ID,wind_farms_hourly,wind_farms_hourly,wind_farms_hourly,wind_farms_hourly:validation,wind_farms_hourly:validation,3,5,L12+LN,q1,fslot,shared_linear,v2,1,L1,0.492337,5.244916,False,False,False
PT-ID,Probe-ID,PT-ID / Probe-ID,wind_farms_hourly,wind_farms_hourly,wind_farms_hourly,wind_farms_hourly:validation,wind_farms_hourly:validation,3,5,L12+LN,q1,fslot,shared_linear,v2,2,L2,0.442949,5.087337,False,False,False
PT-ID,Probe-ID,PT-ID / Probe-ID,wind_farms_hourly,wind_farms_hourly,wind_farms_hourly,wind_farms_hourly:validation,wind_farms_hourly:validation,3,5,L12+LN,q1,fslot,shared_linear,v2,3,L3,0.401582,4.841255,False,False,True
PT-ID,Probe-ID,PT-ID / Probe-ID,wind_farms_hourly,wind_farms_hourly,wind_farms_hourly,wind_farms_hourly:validation,wind_farms_hourly:validation,3,5,L12+LN,q1,fslot,shared_linear,v2,4,L4,0.388172,4.763878,False,False,True
PT-ID,Probe-ID,PT-ID / Probe-ID,wind_farms_hourly,wind_farms_hourly,wind_farms_hourly,wind_farms_hourly:validation,wind_farms_hourly:validation,3,5,L12+LN,q1,fslot,shared_linear,v2,5,L5,0.365563,4.642464,True,False,True
PT-ID,Probe-ID,PT-ID / Probe-ID,wind_farms_hourly,wind_farms_hourly,wind_farms_hourly,wind_farms_hourly:validation,wind_farms_hourly:validation,3,5,L12+LN,q1,fslot,shared_linear,v2,6,L6,0.380646,4.669083,False,False,True
PT-ID,Probe-ID,PT-ID / Probe-ID,wind_farms_hourly,wind_farms_hourly,wind_farms_hourly,wind_farms_hourly:validation,wind_farms_hourly:validation,3,5,L12+LN,q1,fslot,shared_linear,v2,7,L7,0.386985,4.669294,False,False,True
PT-ID,Probe-ID,PT-ID / Probe-ID,wind_farms_hourly,wind_farms_hourly,wind_farms_hourly,wind_farms_hourly:validation,wind_farms_hourly:validation,3,5,L12+LN,q1,fslot,shared_linear,v2,8,L8,0.396475,4.671518,False,False,True
PT-ID,Probe-ID,PT-ID / Probe-ID,wind_farms_hourly,wind_farms_hourly,wind_farms_hourly,wind_farms_hourly:validation,wind_farms_hourly:validation,3,5,L12+LN,q1,fslot,shared_linear,v2,9,L9,0.388876,4.657589,False,False,True
PT-ID,Probe-ID,PT-ID / Probe-ID,wind_farms_hourly,wind_farms_hourly,wind_farms_hourly,wind_farms_hourly:validation,wind_farms_hourly:validation,3,5,L12+LN,q1,fslot,shared_linear,v2,10,L10,0.420593,4.936154,False,False,True
PT-ID,Probe-ID,PT-ID / Probe-ID,wind_farms_hourly,wind_farms_hourly,wind_farms_hourly,wind_farms_hourly:validation,wind_farms_hourly:validation,3,5,L12+LN,q1,fslot,shared_linear,v2,11,L11,0.425825,4.970623,False,False,True
PT-ID,Probe-ID,PT-ID / Probe-ID,wind_farms_hourly,wind_farms_hourly,wind_farms_hourly,wind_farms_hourly:validation,wind_farms_hourly:validation,3,5,L12+LN,q1,fslot,shared_linear,v2,12,L12,0.425877,4.927132,False,False,True
PT-ID,Probe-ID,PT-ID / Probe-ID,wind_farms_hourly,wind_farms_hourly,wind_farms_hourly,wind_farms_hourly:validation,wind_farms_hourly:validation,3,5,L12+LN,q1,fslot,shared_linear,v2,13,L12+LN,0.411091,4.765826,False,True,True
